{
  "model_type": "imagenet",
  "epochs": 20,
  "lr": 0.0001,
  "best_val_acc": 92.09621993127148,
  "train_losses": [
    3.6896459476367847,
    3.139074795954936,
    2.4779683125985636,
    1.903915888554341,
    1.4169284395269446,
    1.0058260076754801,
    0.7285989587371414,
    0.4986366307413256,
    0.40459108916488856,
    0.31410046686997284,
    0.22886976116412394,
    0.2014423113416981,
    0.20071066875715513,
    0.19588414921953873,
    0.15165461740783742,
    0.18386239498048215,
    0.1191076495357462,
    0.08842451215998547,
    0.07326856034027564,
    0.09959808344373831
  ],
  "val_losses": [
    3.5083871603012087,
    2.882274842262268,
    2.3150745391845704,
    1.8738791704177857,
    1.4674448013305663,
    1.1318279922008514,
    0.8973303318023682,
    0.7232367277145386,
    0.7094060182571411,
    0.599337813258171,
    0.510321855545044,
    0.5065150782465935,
    0.4565892398357391,
    0.47620615512132647,
    0.4782403066754341,
    0.5093041352927685,
    0.4043066516518593,
    0.33144264817237856,
    0.4176289517432451,
    0.6436044722795486
  ],
  "train_accuracies": [
    9.913793103448276,
    43.53448275862069,
    70.0,
    85.6896551724138,
    91.55172413793103,
    95.77586206896552,
    97.67241379310344,
    98.70689655172414,
    98.10344827586206,
    98.70689655172414,
    99.48275862068965,
    99.22413793103448,
    98.79310344827586,
    98.62068965517241,
    98.87931034482759,
    97.58620689655173,
    99.13793103448276,
    99.39655172413794,
    99.65517241379311,
    98.87931034482759
  ],
  "val_accuracies": [
    28.1786941580756,
    51.89003436426117,
    69.41580756013745,
    76.97594501718213,
    84.87972508591065,
    89.34707903780068,
    86.94158075601375,
    88.65979381443299,
    87.97250859106529,
    87.97250859106529,
    90.37800687285224,
    88.31615120274914,
    89.34707903780068,
    88.65979381443299,
    89.34707903780068,
    86.25429553264605,
    89.34707903780068,
    92.09621993127148,
    89.34707903780068,
    83.16151202749141
  ],
  "topk": 3,
  "train_topk_accuracies": [
    21.810344827586206,
    70.43103448275862,
    93.36206896551724,
    97.84482758620689,
    99.65517241379311,
    100.0,
    100.0,
    100.0,
    100.0,
    100.0,
    100.0,
    100.0,
    100.0,
    100.0,
    99.91379310344827,
    100.0,
    100.0,
    100.0,
    100.0,
    99.91379310344827
  ],
  "val_topk_accuracies": [
    51.54639175257732,
    81.09965635738831,
    92.43986254295532,
    95.18900343642612,
    97.2508591065292,
    97.9381443298969,
    97.9381443298969,
    98.28178694158076,
    96.90721649484536,
    98.28178694158076,
    97.9381443298969,
    97.59450171821305,
    97.59450171821305,
    97.9381443298969,
    97.2508591065292,
    96.90721649484536,
    98.62542955326461,
    97.59450171821305,
    98.96907216494846,
    96.90721649484536
  ]
}