{
  "model_type": "clip",
  "epochs": 20,
  "lr": 1e-05,
  "best_val_acc": 92.09621993127148,
  "train_losses": [
    3.7345895509462097,
    2.9731606857196704,
    1.921416923806474,
    0.9632280323956464,
    0.5161105410472767,
    0.2917351493158856,
    0.17522870104860616,
    0.11226703941419318,
    0.0677523831459316,
    0.052523733896983636,
    0.034625684741783784,
    0.020651682103807863,
    0.017160983026229048,
    0.020791727017510583,
    0.019837951237285458,
    0.013497855061212101,
    0.011024908603143853,
    0.010458027251769562,
    0.008078893256449216,
    0.007342385606387177
  ],
  "val_losses": [
    3.565138745307922,
    2.8314077854156494,
    1.5634987354278564,
    0.95489462018013,
    0.670221570134163,
    0.5885462105274201,
    0.4503876373171806,
    0.4372181326150894,
    0.39820261001586915,
    0.31922292336821556,
    0.3549741953611374,
    0.3086116246879101,
    0.3105621367692947,
    0.29281823597848416,
    0.293288990855217,
    0.28569111712276934,
    0.2774854050949216,
    0.28916629403829575,
    0.2879812031984329,
    0.2741518285125494
  ],
  "train_accuracies": [
    6.724137931034483,
    24.051724137931036,
    55.172413793103445,
    80.51724137931035,
    90.43103448275862,
    95.60344827586206,
    97.67241379310344,
    98.96551724137932,
    99.56896551724138,
    99.3103448275862,
    100.0,
    100.0,
    99.91379310344827,
    99.82758620689656,
    99.91379310344827,
    99.91379310344827,
    99.91379310344827,
    99.91379310344827,
    100.0,
    99.91379310344827
  ],
  "val_accuracies": [
    12.714776632302405,
    31.27147766323024,
    66.66666666666667,
    79.38144329896907,
    85.2233676975945,
    84.87972508591065,
    86.25429553264605,
    87.97250859106529,
    90.03436426116839,
    90.37800687285224,
    90.03436426116839,
    91.06529209621993,
    90.03436426116839,
    90.72164948453609,
    91.40893470790378,
    91.40893470790378,
    91.40893470790378,
    91.40893470790378,
    92.09621993127148,
    91.06529209621993
  ],
  "topk": 3,
  "train_topk_accuracies": [
    14.137931034482758,
    43.275862068965516,
    76.20689655172414,
    95.86206896551724,
    98.62068965517241,
    99.74137931034483,
    100.0,
    100.0,
    100.0,
    100.0,
    100.0,
    100.0,
    100.0,
    100.0,
    100.0,
    100.0,
    100.0,
    100.0,
    100.0,
    100.0
  ],
  "val_topk_accuracies": [
    27.835051546391753,
    48.797250859106526,
    82.81786941580756,
    93.12714776632302,
    95.87628865979381,
    94.84536082474227,
    95.53264604810997,
    95.18900343642612,
    95.18900343642612,
    97.2508591065292,
    97.2508591065292,
    96.90721649484536,
    97.2508591065292,
    96.90721649484536,
    97.59450171821305,
    96.90721649484536,
    98.28178694158076,
    95.87628865979381,
    97.2508591065292,
    96.56357388316151
  ]
}