{
  "epochs": 100,
  "lr": 0.002,
  "best_val_acc": 45.70446735395189,
  "train_losses": [
    3.238835418546522,
    3.1272954296421362,
    2.9942138903849833,
    2.8925775579504065,
    2.9577255828960523,
    2.764378045056317,
    2.7686131580455884,
    2.6490324059048214,
    2.5960645289034456,
    2.619571202510112,
    2.5908091003830367,
    2.354172848366402,
    2.3258076261829688,
    2.305529130471719,
    2.2832499291445756,
    2.162758646784602,
    2.1624367430403426,
    2.1723084449768066,
    2.105213687226579,
    2.0780968440545573,
    2.095012049417238,
    2.0648641425210075,
    1.9898326203629777,
    1.947210817723661,
    1.899977696908487,
    1.9137658267407804,
    1.7930174711588267,
    1.8634301681776304,
    1.767860216063422,
    1.681787091332513,
    1.7047139084016956,
    1.7615607332538914,
    1.7665745760943439,
    1.6868431825895567,
    1.6412200412234745,
    1.6381491777059194,
    1.5921652864765476,
    1.5951222374632552,
    1.5977849251515157,
    1.5634584201348793,
    1.5546362979992017,
    1.5194140543808807,
    1.4702448941565849,
    1.5000880183400334,
    1.477943839253606,
    1.396098162676837,
    1.370831283363136,
    1.443663529447607,
    1.3689984195941203,
    1.3567145225164052,
    1.3395324059434839,
    1.349691004366488,
    1.3595836339770138,
    1.3555168380608429,
    1.316499342789521,
    1.2984801691931647,
    1.2601394862742037,
    1.260371058373838,
    1.223600904683809,
    1.187190671224852,
    1.2079562705916327,
    1.1371913648940422,
    1.1714705325461723,
    1.2522123971500911,
    1.1735416457459733,
    1.1096688831174695,
    1.0937853246121794,
    1.1114625060880505,
    1.087871654613598,
    1.0748388960554793,
    1.1175678066305212,
    1.095600408476752,
    1.037958422222653,
    1.0699864287634153,
    1.0201118846197386,
    1.0214706514332745,
    1.0148587097992767,
    1.0296476257813942,
    1.005919472591297,
    1.010952572564821,
    0.9387332474863207,
    0.9429104295936791,
    0.9397823673647803,
    0.9458199964987265,
    0.9235036743653787,
    0.9524301822121078,
    0.926971841502834,
    0.9003463806332769,
    0.9380255889248204,
    0.915620604076901,
    0.9256308562046772,
    0.8895594026591327,
    0.8649195336006783,
    0.8909881002194172,
    0.8927968611588349,
    0.9049927801699251,
    0.8917781307890609,
    0.8770390265696758,
    0.8495357834004067,
    0.8556004512954403
  ],
  "val_losses": [
    3.273660588264465,
    3.2826162576675415,
    3.2182173252105715,
    3.3132323026657104,
    3.0739012241363524,
    3.2713454723358155,
    3.042969512939453,
    3.1560258626937867,
    3.058747339248657,
    2.889175009727478,
    3.0300564527511598,
    2.938238334655762,
    2.820490765571594,
    2.8397665500640867,
    2.6817121267318726,
    2.7479360580444334,
    2.8247100114822388,
    2.565725016593933,
    2.6944880962371824,
    2.5509093046188354,
    2.569396901130676,
    2.833310103416443,
    2.5820061206817626,
    2.5018773317337035,
    2.485682153701782,
    2.5133775949478148,
    2.386572575569153,
    2.441814088821411,
    2.502876710891724,
    2.3716655015945434,
    2.4969905495643614,
    2.3665374398231505,
    2.466485357284546,
    2.288206195831299,
    2.216299831867218,
    2.2226585388183593,
    2.2335297584533693,
    2.4073513627052305,
    2.2852103471755982,
    2.4075390815734865,
    2.1806797862052916,
    2.2046677470207214,
    2.280621111392975,
    2.1205879926681517,
    2.0152526259422303,
    2.1472208142280578,
    2.0799973487854,
    2.1184266567230225,
    2.0998306035995484,
    2.3646821856498716,
    2.0690736770629883,
    2.0595426321029664,
    2.221481776237488,
    2.1192067861557007,
    2.1061941504478456,
    2.059282422065735,
    2.0269784569740295,
    2.1008357763290406,
    2.1008875250816343,
    1.861798644065857,
    2.0100695133209228,
    2.1271654963493347,
    1.8966199159622192,
    1.9970720767974854,
    2.1380184650421143,
    1.9906659841537475,
    2.0707721948623656,
    1.9414488911628722,
    1.940678095817566,
    1.952044713497162,
    1.8545311450958253,
    1.9095870494842528,
    1.8870521903038024,
    1.9220983266830445,
    1.9086863279342652,
    1.866054618358612,
    1.9061978101730346,
    1.885050368309021,
    1.9750637888908387,
    1.8711612343788147,
    1.8887566208839417,
    1.8580227971076966,
    1.850520396232605,
    1.8662235260009765,
    1.8445582628250121,
    1.8774145007133485,
    1.904348886013031,
    1.8674408555030824,
    1.8560085773468018,
    1.853178858757019,
    1.8519664645195006,
    1.851964271068573,
    1.8446335554122926,
    1.8407706260681151,
    1.846612572669983,
    1.8526339173316955,
    1.8544498682022095,
    1.850425946712494,
    1.849979329109192,
    1.85036860704422
  ],
  "train_accuracies": [
    7.672413793103448,
    11.03448275862069,
    15.0,
    18.53448275862069,
    16.724137931034484,
    21.46551724137931,
    23.70689655172414,
    23.448275862068964,
    25.0,
    26.379310344827587,
    27.844827586206897,
    31.29310344827586,
    31.982758620689655,
    31.637931034482758,
    30.25862068965517,
    35.51724137931034,
    35.0,
    34.56896551724138,
    35.689655172413794,
    36.98275862068966,
    37.1551724137931,
    37.672413793103445,
    40.0,
    39.6551724137931,
    40.3448275862069,
    42.241379310344826,
    45.172413793103445,
    41.46551724137931,
    45.08620689655172,
    46.293103448275865,
    47.758620689655174,
    45.94827586206897,
    46.810344827586206,
    47.672413793103445,
    50.08620689655172,
    47.93103448275862,
    51.46551724137931,
    49.91379310344828,
    49.91379310344828,
    50.258620689655174,
    52.8448275862069,
    52.1551724137931,
    53.36206896551724,
    54.224137931034484,
    52.327586206896555,
    55.689655172413794,
    58.44827586206897,
    53.44827586206897,
    56.206896551724135,
    55.86206896551724,
    57.41379310344828,
    56.293103448275865,
    56.810344827586206,
    57.06896551724138,
    57.758620689655174,
    58.87931034482759,
    60.775862068965516,
    58.44827586206897,
    60.3448275862069,
    61.55172413793103,
    60.60344827586207,
    63.36206896551724,
    63.62068965517241,
    60.86206896551724,
    62.8448275862069,
    64.91379310344827,
    66.20689655172414,
    64.65517241379311,
    65.77586206896552,
    65.86206896551724,
    64.91379310344827,
    65.08620689655173,
    66.89655172413794,
    64.39655172413794,
    66.29310344827586,
    67.84482758620689,
    68.01724137931035,
    67.06896551724138,
    67.75862068965517,
    66.72413793103448,
    70.86206896551724,
    69.91379310344827,
    70.6896551724138,
    70.0,
    70.77586206896552,
    69.39655172413794,
    70.43103448275862,
    71.46551724137932,
    70.77586206896552,
    71.37931034482759,
    70.25862068965517,
    71.55172413793103,
    72.32758620689656,
    72.24137931034483,
    72.67241379310344,
    71.03448275862068,
    69.91379310344827,
    71.72413793103448,
    73.44827586206897,
    71.03448275862068
  ],