{
  "epochs": 50,
  "lr": 0.0035,
  "best_val_acc": 63.23024054982818,
  "train_losses": [
    3.863304131739848,
    3.805417557020445,
    3.802680930575809,
    3.794930909131024,
    3.7704761350477063,
    3.731515916618141,
    3.728193057549966,
    3.586817979812622,
    3.4975324128125167,
    3.3214288273373165,
    3.1458958097406335,
    3.263616317027324,
    2.853428518449938,
    2.7605817575712464,
    2.484077298963392,
    2.4200448281056173,
    2.2782254444586263,
    2.1537694415530644,
    2.035470160278114,
    1.9131851615132511,
    1.7267116694837004,
    1.6767048320254765,
    1.553875343219654,
    1.5174491244393427,
    1.4330374872362293,
    1.3278048586201023,
    1.2060458531250824,
    1.188414319141491,
    1.1624560098390322,
    1.0652024021019806,
    1.0332116146345396,
    0.9707795204343023,
    0.9111017037082363,
    0.8470356383839169,
    0.8176787511722462,
    0.799461529061601,
    0.7557816054369952,
    0.6696617554973912,
    0.6650032948803257,
    0.6311086577338141,
    0.6207515444304492,
    0.528238422161824,
    0.5613515836161536,
    0.5415615640782021,
    0.5227187606128486,
    0.5225855035556329,
    0.5067711452374587,
    0.4877597383550695,
    0.47431945236953527,
    0.4813375505241188
  ],
  "val_losses": [
    3.7968000411987304,
    3.7959572315216064,
    3.788246774673462,
    3.7727229595184326,
    3.7710349559783936,
    3.697760057449341,
    3.694412279129028,
    3.6261876106262205,
    3.448078966140747,
    3.226157522201538,
    3.206924843788147,
    3.1012450218200684,
    2.95022976398468,
    2.791216778755188,
    2.7150736331939695,
    2.807940673828125,
    2.6188363790512086,
    2.552481842041016,
    2.278001070022583,
    2.3389258861541746,
    2.1335044264793397,
    2.1392743945121766,
    1.9135395169258118,
    2.066630482673645,
    1.9262004613876342,
    1.7986309289932252,
    1.7893973112106323,
    1.6089782476425172,
    1.5789088010787964,
    1.675807821750641,
    1.7463003396987915,
    1.4742126643657685,
    1.5351339101791381,
    1.4678013622760773,
    1.589014434814453,
    1.4884808242321015,
    1.46078017950058,
    1.4073911011219025,
    1.4360602498054504,
    1.420805686712265,
    1.344945764541626,
    1.338211226463318,
    1.3386967480182648,
    1.3489997625350951,
    1.3169798374176025,
    1.325769168138504,
    1.3167052090167999,
    1.3119979798793793,
    1.3123766839504243,
    1.312289834022522
  ],
  "train_accuracies": [
    2.5,
    2.1551724137931036,
    2.9310344827586206,
    3.103448275862069,
    4.051724137931035,
    5.0,
    4.741379310344827,
    6.551724137931035,
    8.793103448275861,
    9.741379310344827,
    12.672413793103448,
    11.551724137931034,
    18.103448275862068,
    19.482758620689655,
    27.586206896551722,
    27.413793103448278,
    30.086206896551722,
    34.310344827586206,
    35.172413793103445,
    40.43103448275862,
    43.87931034482759,
    48.53448275862069,
    50.94827586206897,
    52.41379310344828,
    55.775862068965516,
    57.58620689655172,
    63.706896551724135,
    62.41379310344828,
    63.706896551724135,
    64.48275862068965,
    66.37931034482759,
    68.53448275862068,
    73.01724137931035,
    73.27586206896552,
    74.48275862068965,
    74.39655172413794,
    75.77586206896552,
    78.62068965517241,
    78.87931034482759,
    81.98275862068965,
    79.82758620689656,
    84.56896551724138,
    83.62068965517241,
    84.56896551724138,
    85.08620689655173,
    84.56896551724138,
    85.43103448275862,
    85.94827586206897,
    86.8103448275862,
    87.67241379310344
  ],
  "val_accuracies": [
    1.7182130584192439,
    3.0927835051546393,
    3.7800687285223367,
    2.4054982817869415,
    3.4364261168384878,
    4.123711340206185,
    5.498281786941581,
    5.498281786941581,
    7.903780068728523,
    15.120274914089347,
    13.745704467353951,
    15.807560137457045,
    17.52577319587629,
    23.711340206185568,
    22.68041237113402,
    19.587628865979383,
    23.367697594501717,
    28.522336769759452,
    33.333333333333336,
    31.61512027491409,
    34.36426116838488,
    37.11340206185567,
    42.61168384879725,
    41.580756013745706,
    41.92439862542955,
    47.07903780068729,
    46.391752577319586,
    51.89003436426117,
    52.577319587628864,
    49.14089347079038,
    48.45360824742268,
    52.92096219931271,
    52.92096219931271,
    53.264604810996566,
    51.202749140893474,
    53.95189003436426,
    57.7319587628866,
    57.044673539518904,
    57.7319587628866,
    58.76288659793814,
    58.76288659793814,
    58.07560137457045,
    60.824742268041234,
    61.855670103092784,
    61.16838487972509,
    61.16838487972509,
    62.88659793814433,
    63.23024054982818,
    62.88659793814433,
    62.88659793814433
  ],
  "topk": 3,
  "train_topk_accuracies": [
    7.327586206896552,
    7.413793103448276,
    8.189655172413794,
    10.344827586206897,
    11.637931034482758,
    14.741379310344827,
    12.5,
    18.448275862068964,
    20.086206896551722,
    26.551724137931036,
    30.689655172413794,
    27.5,
    38.793103448275865,
    43.53448275862069,
    52.41379310344828,
    56.55172413793103,
    58.189655172413794,
    62.758620689655174,
    65.08620689655173,
    70.08620689655173,
    74.13793103448276,
    76.37931034482759,
    79.13793103448276,
    80.25862068965517,
    81.12068965517241,
    84.39655172413794,
    86.63793103448276,
    87.32758620689656,
    87.41379310344827,
    90.94827586206897,
    91.46551724137932,
    91.03448275862068,
    92.67241379310344,
    92.93103448275862,
    93.62068965517241,
    94.05172413793103,
    95.08620689655173,
    96.46551724137932,
    96.03448275862068,
    95.77586206896552,
    95.51724137931035,
    97.93103448275862,
    97.15517241379311,
    97.41379310344827,
    97.15517241379311,
    97.41379310344827,
    98.10344827586206,
    98.10344827586206,
    97.84482758620689,
    98.62068965517241
  ],
  "val_topk_accuracies": [
    7.903780068728523,
    9.965635738831615,
    8.24742268041237,
    7.903780068728523,
    9.965635738831615,
    12.371134020618557,
    14.43298969072165,
    19.587628865979383,
    19.587628865979383,
    31.27147766323024,
    31.61512027491409,
    34.36426116838488,
    36.42611683848797,
    46.735395189003434,
    44.329896907216494,
    44.67353951890034,
    52.577319587628864,
    51.202749140893474,
    59.106529209621996,
    59.106529209621996,
    62.88659793814433,
    63.91752577319588,
    68.72852233676976,
    66.66666666666667,
    68.04123711340206,
    73.19587628865979,
    73.88316151202748,
    78.00687285223368,
    80.75601374570446,
    79.03780068728523,
    78.00687285223368,
    80.75601374570446,
    78.69415807560138,
    81.09965635738831,
    79.03780068728523,
    81.44329896907216,
    81.78694158075601,
    82.81786941580756,
    83.16151202749141,
    83.50515463917526,
    83.8487972508591,
    84.87972508591065,
    84.19243986254295,
    83.8487972508591,
    85.2233676975945,
    84.87972508591065,
    84.19243986254295,
    84.5360824742268,
    84.19243986254295,
    84.19243986254295
  ]
}