{
  "epochs": 100,
  "lr": 0.003,
  "best_val_acc": 37.80068728522337,
  "train_losses": [
    3.2511070805626945,
    3.0950049451879553,
    3.0594837407808044,
    2.9869084293777877,
    2.956229725399533,
    2.8632226376920134,
    2.7914501976322486,
    2.7640712905574487,
    2.7073415034526103,
    2.613414919054186,
    2.619922347970911,
    2.568093003453435,
    2.5112286709450387,
    2.472807810113237,
    2.4298769847766772,
    2.433717914529749,
    2.378533614648355,
    2.3605665032928056,
    2.347413694536364,
    2.2558114077593827,
    2.2276778929942362,
    2.196147602957648,
    2.217435411504797,
    2.14649506839546,
    2.129916319975982,
    2.0804155968331,
    2.128064274787903,
    2.1482202136838757,
    2.0826331248154513,
    2.055141690615061,
    2.021344967790552,
    2.0656117426382528,
    1.9942647734203853,
    2.0103872144544446,
    2.0025410748816825,
    1.9668848417900704,
    1.9818505080970559,
    1.9026601475638312,
    1.8770569144068538,
    1.9027326815837138,
    1.9247284741015047,
    1.9302847449843947,
    1.8739579207188375,
    1.8573396141464646,
    1.8721893574740436,
    1.8724146340344403,
    1.73809416874035,
    1.8058212576685726,
    1.7906705141067505,
    1.7730675581339244,
    1.774273865931743,
    1.728467896177962,
    1.7188592053748466,
    1.7478001117706299,
    1.7540656102670205,
    1.729857241785204,
    1.715062650474342,
    1.6918632694192834,
    1.6516015368538934,
    1.691370161803993,
    1.6742373092754468,
    1.6540064940581451,
    1.6456554515941724,
    1.6313041625796139,
    1.640824649785016,
    1.5913387569221291,
    1.5781358963734395,
    1.6307930656381555,
    1.577725402406744,
    1.566756757530006,
    1.5482181632840954,
    1.5746646668459918,
    1.583302024248484,
    1.5475862445058048,
    1.5340603445027325,
    1.5262350746103235,
    1.5432815616195266,
    1.5358366192998112,
    1.5545460952294838,
    1.5030519317936253,
    1.4984920024871826,
    1.534030305372702,
    1.4999668404862687,
    1.4981457091666557,
    1.5004007236377612,
    1.4930205151841447,
    1.4917929591359318,
    1.4559244722933382,
    1.4870798587799072,
    1.4748553424268156,
    1.4555657038817535,
    1.4597114582319517,
    1.423160987931329,
    1.456560576284254,
    1.4364598022924888,
    1.4197256581203357,
    1.4601615925092954,
    1.428556026639165,
    1.451803123628771,
    1.4172921696224727
  ],
  "val_losses": [
    3.3753406763076783,
    3.3102964878082277,
    3.2542187690734865,
    3.248222589492798,
    3.1848999738693236,
    3.129766321182251,
    3.1727246761322023,
    2.973690986633301,
    2.9559877634048464,
    3.0499172449111938,
    2.934535360336304,
    2.844015121459961,
    2.8985150337219237,
    2.768714427947998,
    2.7470937728881837,
    2.8224257230758667,
    2.8712090253829956,
    2.803390073776245,
    2.650940418243408,
    2.6326836347579956,
    2.496307063102722,
    2.77516770362854,
    2.6321562051773073,
    2.6028048276901243,
    2.541933465003967,
    2.6487179517745973,
    2.6878077030181884,
    2.5085192203521727,
    2.533250117301941,
    2.535524272918701,
    2.453542470932007,
    2.5005855321884156,
    2.522880959510803,
    2.531252217292786,
    2.4885666608810424,
    2.492956113815308,
    2.384621238708496,
    2.3744086980819703,
    2.4435875177383424,
    2.456520128250122,
    2.429208755493164,
    2.417753982543945,
    2.3949293375015257,
    2.30877366065979,
    2.3354056596755983,
    2.3077304124832154,
    2.3457008838653564,
    2.308328080177307,
    2.3699367523193358,
    2.2969167828559875,
    2.2664481163024903,
    2.3194573402404783,
    2.3156830310821532,
    2.321088135242462,
    2.3399016857147217,
    2.290365970134735,
    2.2317826747894287,
    2.25647292137146,
    2.247395706176758,
    2.241098642349243,
    2.2046112537384035,
    2.1667271971702577,
    2.1924189805984495,
    2.227547025680542,
    2.231178081035614,
    2.175650644302368,
    2.194700336456299,
    2.1960465788841246,
    2.2125911593437193,
    2.1744343280792235,
    2.158970522880554,
    2.175222611427307,
    2.137852394580841,
    2.16421492099762,
    2.1382376909255982,
    2.1512125968933105,
    2.1536897301673887,
    2.1658165574073793,
    2.1545042276382445,
    2.1471687078475954,
    2.1214063286781313,
    2.1427409529685972,
    2.128023648262024,
    2.110055947303772,
    2.137912559509277,
    2.1157809257507325,
    2.1260558366775513,
    2.1192628264427187,
    2.121205174922943,
    2.1176084876060486,
    2.1185017228126526,
    2.121883285045624,
    2.1229257345199586,
    2.1124412775039674,
    2.115023124217987,
    2.1139384269714356,
    2.1125911116600036,
    2.1134757161140443,
    2.1134530305862427,
    2.1132596254348757
  ],
  "train_accuracies": [
    6.551724137931035,
    10.517241379310345,
    13.017241379310345,
    14.655172413793103,
    17.844827586206897,
    18.53448275862069,
    19.82758620689655,
    21.724137931034484,
    24.224137931034484,
    25.775862068965516,
    24.913793103448278,
    26.637931034482758,
    29.56896551724138,
    29.396551724137932,
    31.810344827586206,
    30.25862068965517,
    31.551724137931036,
    32.1551724137931,
    33.275862068965516,
    35.51724137931034,
    37.672413793103445,
    38.87931034482759,
    36.37931034482759,
    36.810344827586206,
    37.8448275862069,
    41.55172413793103,
    38.87931034482759,
    39.48275862068966,
    41.293103448275865,
    40.08620689655172,
    43.10344827586207,
    41.12068965517241,
    43.189655172413794,
    41.89655172413793,
    41.89655172413793,
    43.36206896551724,
    44.48275862068966,
    46.89655172413793,
    47.1551724137931,
    46.293103448275865,
    46.89655172413793,
    45.08620689655172,
    46.293103448275865,
    47.1551724137931,
    48.01724137931034,
    46.12068965517241,
    53.706896551724135,
    49.224137931034484,
    50.86206896551724,
    50.94827586206897,
    49.56896551724138,
    50.3448275862069,
    51.55172413793103,
    51.724137931034484,
    52.241379310344826,
    51.810344827586206,
    53.62068965517241,
    53.10344827586207,
    53.62068965517241,
    52.5,
    53.53448275862069,
    54.13793103448276,
    53.53448275862069,
    54.310344827586206,
    54.224137931034484,
    55.60344827586207,
    55.43103448275862,
    55.94827586206897,
    56.46551724137931,
    57.758620689655174,
    58.706896551724135,
    56.37931034482759,
    57.758620689655174,
    57.758620689655174,
    57.8448275862069,
    59.224137931034484,
    59.6551724137931,
    57.93103448275862,
    58.275862068965516,
    60.0,
    60.0,
    58.53448275862069,
    58.36206896551724,
    60.775862068965516,
    59.827586206896555,
    58.10344827586207,
    61.03448275862069,
    63.10344827586207,
    60.3448275862069,
    61.98275862068966,
    61.724137931034484,
    61.98275862068966,
    62.758620689655174,
    62.672413793103445,
    62.5,
    60.94827586206897,
    62.41379310344828,
    63.36206896551724,
    62.1551724137931,
    62.06896551724138
  ],