{
  "epochs": 100,
  "lr": 0.003,
  "best_val_acc": 68.04123711340206,
  "train_losses": [
    1.4933009308737677,
    1.4822753216769244,
    1.4474049709938668,
    1.3745179869033195,
    1.341441367123578,
    1.3061365597956889,
    1.2785515817436013,
    1.2477790954950694,
    1.1775913302962844,
    1.1482248531805503,
    1.111165394654145,
    1.100746381927181,
    1.0314839804494702,
    1.0470176000852842,
    1.0317499750369303,
    0.9847095624820607,
    0.9592774429836789,
    0.9737464608372869,
    0.934317181239257,
    0.9479261024578197,
    0.9014853174621994,
    0.8908049109819773,
    0.8889231746261185,
    0.8675067150914991,
    0.8840276478110133,
    0.8553015203089327,
    0.8642622522405676,
    0.8527086054956591,
    0.8381767603191169,
    0.8257366338291684,
    0.8528654027629543,
    0.8039757552984599,
    0.8293757454769032,
    0.800597766766677,
    0.8093280115643063,
    0.7738157357718494,
    0.7720400771579227,
    0.805787345847568,
    0.7822077129338239,
    0.7910036541320182,
    0.7955636672071509,
    0.7669679458076889,
    0.7638090889196139,
    0.7458202258960621,
    0.7643931701376632,
    0.7579121259418694,
    0.7450221607813964,
    0.7492996985847885,
    0.7546483084962174,
    0.7473617824348243,
    0.7270571331720095,
    0.7354997509234661,
    0.7276457209844847,
    0.7557709313727714,
    0.7480777308747575,
    0.7060535695101764,
    0.7363112383597606,
    0.7218440191165821,
    0.7179320285449157,
    0.7066187826362816,
    0.7250040415171031,
    0.719361028155765,
    0.69620241345586,
    0.6776595606997207,
    0.7023042335703567,
    0.6741987909819629,
    0.7341985203124382,
    0.7012980145377081,
    0.730105459690094,
    0.6952867604590751,
    0.7036176815226272,
    0.6738620046022776,
    0.7102672908757184,
    0.7009512637112592,
    0.6857037423430262,
    0.6841543937051618,
    0.6873778169219559,
    0.6762042013374535,
    0.6578690796285063,
    0.6683632127336554,
    0.6718882749209533,
    0.671749668346869,
    0.6512704298302934,
    0.6768480748743624,
    0.6534652460265804,
    0.6588832719905956,
    0.6386022350272617,
    0.6457450559010377,
    0.647857964844317,
    0.6492801703311302,
    0.665695794530817,
    0.6775461274224359,
    0.63648729952606,
    0.6516908423320668,
    0.6384992382010898,
    0.6334542358243788,
    0.6424257537803134,
    0.6414473242050892,
    0.6458197687123273,
    0.6645177481947718
  ],
  "val_losses": [
    1.7409594893455504,
    1.4250239491462708,
    1.375741958618164,
    1.304173356294632,
    1.3142694234848022,
    1.2736955881118774,
    1.228745973110199,
    1.176492589712143,
    1.1170575439929962,
    1.0958960682153702,
    1.1890222012996674,
    1.05543594956398,
    1.0462172776460648,
    1.0532417714595794,
    1.046231311559677,
    1.0963372439146042,
    0.9634312957525253,
    0.9539149641990662,
    0.9194220006465912,
    0.9664172559976578,
    0.9415237993001938,
    0.8983982294797898,
    0.9290820568799972,
    0.9231877595186233,
    0.9360809355974198,
    0.9297741562128067,
    0.9000421404838562,
    0.8656292662024498,
    0.8559902846813202,
    0.8555137634277343,
    0.8997444361448288,
    0.8559657514095307,
    0.8651724636554718,
    0.8377560421824455,
    0.8266455411911011,
    0.8849693238735199,
    0.8827756971120835,
    0.8636568889021874,
    0.8624524652957917,
    0.8363681823015213,
    0.8864662766456604,
    0.8566132411360741,
    0.8353130996227265,
    0.8401575475931168,
    0.8289838269352913,
    0.8248113319277763,
    0.8759091973304749,
    0.9227223068475723,
    0.8452137559652328,
    0.8025185003876686,
    0.8183441385626793,
    0.7988347172737121,
    0.8358820110559464,
    0.830127340555191,
    0.8265321463346481,
    0.8173296734690666,
    0.7902606055140495,
    0.7996138833463192,
    0.8373227909207344,
    0.8093870878219604,
    0.8045746371150017,
    0.8296764776110649,
    0.806952066719532,
    0.8187361419200897,
    0.7796113848686218,
    0.7789167925715447,
    0.8026485323905945,
    0.7977272853255272,
    0.8119588196277618,
    0.810121639072895,
    0.8190109744668007,
    0.8053163453936577,
    0.7994870707392693,
    0.7940248206257821,
    0.7924722447991371,
    0.8335969373583794,
    0.7970426008105278,
    0.7981297299265862,
    0.7947410419583321,
    0.7837112307548523,
    0.7877116084098816,
    0.7811803504824638,
    0.7814510479569435,
    0.7882614493370056,
    0.7904151812195778,
    0.7930983483791352,
    0.7930614039301872,
    0.7912680104374885,
    0.7828528210520744,
    0.7880593180656433,
    0.7843928813934327,
    0.7847618401050568,
    0.7858592629432678,
    0.7867295995354653,
    0.7843750461935997,
    0.7829954147338867,
    0.7830086812376976,
    0.7836662352085113,
    0.7835794046521187,
    0.7835860326886177
  ],
  "train_accuracies": [
    35.08620689655172,
    35.51724137931034,
    38.44827586206897,
    41.810344827586206,
    43.01724137931034,
    44.13793103448276,
    48.53448275862069,
    48.706896551724135,
    51.89655172413793,
    52.327586206896555,
    56.206896551724135,
    56.55172413793103,
    60.258620689655174,
    57.93103448275862,
    59.91379310344828,
    60.60344827586207,
    61.55172413793103,
    61.63793103448276,
    63.01724137931034,
    63.10344827586207,
    65.0,
    65.34482758620689,
    65.25862068965517,
    66.72413793103448,
    64.91379310344827,
    67.41379310344827,
    67.15517241379311,
    66.03448275862068,
    67.67241379310344,
    68.96551724137932,
    67.24137931034483,
    70.34482758620689,
    67.5,
    70.51724137931035,
    68.53448275862068,
    72.15517241379311,
    72.06896551724138,
    71.03448275862068,
    69.82758620689656,
    69.91379310344827,
    70.94827586206897,
    71.37931034482759,
    71.72413793103448,
    73.36206896551724,
    73.70689655172414,
    70.08620689655173,
    73.27586206896552,
    72.67241379310344,
    72.93103448275862,
    71.20689655172414,
    71.29310344827586,
    72.5,
    73.70689655172414,
    72.84482758620689,
    72.58620689655173,
    75.17241379310344,
    72.75862068965517,
    75.08620689655173,
    73.44827586206897,
    74.65517241379311,
    72.67241379310344,
    72.41379310344827,
    75.34482758620689,
    76.12068965517241,
    75.0,
    76.20689655172414,
    73.87931034482759,
    75.0,
    72.41379310344827,
    73.27586206896552,
    74.3103448275862,
    75.6896551724138,
    74.39655172413794,
    74.05172413793103,
    75.43103448275862,
    75.86206896551724,
    75.17241379310344,
    75.43103448275862,
    76.8103448275862,
    77.75862068965517,
    74.74137931034483,
    75.34482758620689,
    77.67241379310344,
    76.03448275862068,
    76.46551724137932,
    75.77586206896552,
    77.5,
    76.8103448275862,
    77.15517241379311,
    75.6896551724138,
    75.51724137931035,
    76.72413793103448,
    78.10344827586206,
    76.29310344827586,
    77.75862068965517,
    78.44827586206897,
    76.20689655172414,
    76.8103448275862,
    76.98275862068965,
    76.37931034482759
  ],