{
  "model_type": "dinov2",
  "epochs": 20,
  "lr": 1e-05,
  "best_val_acc": 97.86324786324786,
  "train_losses": [
    1.7775371352831522,
    0.7603724390268326,
    0.22597679253667594,
    0.06697335634380579,
    0.023603499680757523,
    0.007768303745736679,
    0.003631221146012346,
    0.0026213024141422164,
    0.002209950921436151,
    0.0018512730641911427,
    0.0015981541325648626,
    0.0014531764279430111,
    0.0012625199762017778,
    0.0011156141272901246,
    0.0010211987944785505,
    0.0009094575846878191,
    0.0008345239465901007,
    0.0007657726081864287,
    0.000707687590814506,
    0.0006893507457183053
  ],
  "val_losses": [
    1.1977457255125046,
    0.404731173068285,
    0.17835168773308396,
    0.1324019506573677,
    0.12287232233211398,
    0.09303448384162039,
    0.07150001463014632,
    0.07157255453057587,
    0.07000938424607739,
    0.06868833067710511,
    0.06724640951142646,
    0.06699509004829451,
    0.0656066980882315,
    0.06569570454303175,
    0.06526013962866273,
    0.06514436288853176,
    0.06492343165155035,
    0.06461206117819529,
    0.06460577182588167,
    0.06478326363139786
  ],
  "train_accuracies": [
    41.283422459893046,
    74.97326203208556,
    93.90374331550802,
    98.50267379679144,
    99.78609625668449,
    100.0,
    100.0,
    100.0,
    100.0,
    100.0,
    100.0,
    100.0,
    100.0,
    100.0,
    100.0,
    100.0,
    100.0,
    100.0,
    100.0,
    100.0
  ],
  "val_accuracies": [
    60.68376068376068,
    89.31623931623932,
    94.01709401709402,
    95.2991452991453,
    96.15384615384616,
    97.00854700854701,
    97.86324786324786,
    97.86324786324786,
    97.86324786324786,
    97.86324786324786,
    97.86324786324786,
    97.86324786324786,
    97.86324786324786,
    97.86324786324786,
    97.86324786324786,
    97.86324786324786,
    97.86324786324786,
    97.86324786324786,
    97.86324786324786,
    97.86324786324786
  ],
  "topk": 1
}