{
  "epochs": 100,
  "lr": 0.002,
  "best_val_acc": 64.52991452991454,
  "train_losses": [
    2.0556487600008646,
    1.7508094429969787,
    1.708224630355835,
    1.6694860339164734,
    1.6085647066434225,
    1.5589672684669496,
    1.527834459145864,
    1.4923422733942668,
    1.4727814753850301,
    1.4191581765810648,
    1.3761019031206767,
    1.3259228587150573,
    1.3173253615697225,
    1.3416231433550516,
    1.2687995473543803,
    1.2497159659862518,
    1.2600353956222534,
    1.2314438998699189,
    1.2053795099258422,
    1.206480340162913,
    1.169447950522105,
    1.1638885060946147,
    1.1415848195552827,
    1.1762472192446392,
    1.1472403347492217,
    1.161761216322581,
    1.1293197870254517,
    1.1162580569585165,
    1.0755861004193623,
    1.0483120441436768,
    1.0687456091245016,
    1.0863764484723408,
    1.0724569002787272,
    1.0226305822531383,
    1.0140308360258738,
    0.9978253702322643,
    1.020415437221527,
    1.020567766825358,
    1.0752890348434447,
    1.0121622343858083,
    0.9852549254894256,
    0.9657591760158539,
    0.9825786809126537,
    1.0218481123447418,
    0.9871822834014893,
    0.9808989942073822,
    0.9885972539583842,
    0.9739034334818523,
    0.963378389676412,
    0.9343656559785207,
    0.9564154744148254,
    0.9405760486920675,
    0.9641377290089925,
    0.9280745605627696,
    0.9223512589931488,
    0.9094447294871012,
    0.9185384849707285,
    0.9176634569962819,
    0.9173470596472423,
    0.8800412774085998,
    0.8996220052242279,
    0.8910472353299459,
    0.9181022564570109,
    0.8795396904150645,
    0.8666682342688242,
    0.8595908403396606,
    0.8759828408559164,
    0.8694635570049286,
    0.864926677942276,
    0.8622328062852224,
    0.8438389341036479,
    0.8517979621887207,
    0.8520473976929982,
    0.8355070372422536,
    0.8241547922293345,
    0.861587855219841,
    0.8191352516412735,
    0.8166044255097707,
    0.8421502749125163,
    0.8350911657015483,
    0.818306585152944,
    0.8251785894234975,
    0.8161234438419342,
    0.8143373628457388,
    0.8059597531954448,
    0.7931981335083643,
    0.8066606422265371,
    0.787386397520701,
    0.7954018870989482,
    0.7964250783125559,
    0.7888868868350982,
    0.7819356044133504,
    0.7894857426484426,
    0.7854730288187662,
    0.7795669913291932,
    0.7886520504951477,
    0.7814954082171123,
    0.7861569841702779,
    0.7774011532465617,
    0.7766974588235219
  ],
  "val_losses": [
    1.7336223721504211,
    1.6519677639007568,
    1.6388688683509827,
    1.6257329136133194,
    1.5596095472574234,
    1.5445956885814667,
    1.474994719028473,
    1.4860082566738129,
    1.5533324182033539,
    1.3856413066387177,
    1.3318252712488174,
    1.34454645216465,
    1.302427962422371,
    1.288331463932991,
    1.3052277863025665,
    1.229693055152893,
    1.3372688740491867,
    1.2504055798053741,
    1.2668019086122513,
    1.2188512980937958,
    1.256282053887844,
    1.235500007867813,
    1.2186720073223114,
    1.2120542228221893,
    1.2251101285219193,
    1.2198476940393448,
    1.1786721646785736,
    1.1854511201381683,
    1.1523840054869652,
    1.1305369436740875,
    1.1624157577753067,
    1.1853360086679459,
    1.1726535856723785,
    1.1040815338492393,
    1.1191557124257088,
    1.1911405175924301,
    1.1270470917224884,
    1.1395413503050804,
    1.1019514799118042,
    1.1266202330589294,
    1.101849228143692,
    1.1059663519263268,
    1.1333002522587776,
    1.1577794402837753,
    1.0778629407286644,
    1.1510047689080238,
    1.1262651532888412,
    1.0748066008090973,
    1.0725266858935356,
    1.1228158324956894,
    1.073074258863926,
    1.1177808493375778,
    1.0836516469717026,
    1.093789890408516,
    1.058768481016159,
    1.0603698194026947,
    1.06746157258749,
    1.0562013164162636,
    1.0684714019298553,
    1.0587329119443893,
    1.071968398988247,
    1.085952766239643,
    1.0367077589035034,
    1.0549388527870178,
    1.041110910475254,
    1.0659852549433708,
    1.0507220923900604,
    1.0649124905467033,
    1.0410143062472343,
    1.0463643074035645,
    1.046237163245678,
    1.0651782974600792,
    1.044305942952633,
    1.0304313451051712,
    1.078483559191227,
    1.0318732932209969,
    1.0412962660193443,
    1.0388782620429993,
    1.0313674584031105,
    1.0373105183243752,
    1.024239867925644,
    1.0347469672560692,
    1.0266535133123398,
    1.03187395632267,
    1.025285318493843,
    1.024915173649788,
    1.024528183043003,
    1.0210772007703781,
    1.0208523944020271,
    1.0189154520630836,
    1.0162534713745117,
    1.0178374946117401,
    1.0183949247002602,
    1.016137644648552,
    1.0164170265197754,
    1.0167875736951828,
    1.016594149172306,
    1.0164986997842789,
    1.016389824450016,
    1.0163850858807564
  ],
  "train_accuracies": [
    21.925133689839573,
    32.406417112299465,
    32.406417112299465,
    34.11764705882353,
    37.64705882352941,
    39.786096256684495,
    42.13903743315508,
    43.74331550802139,
    44.06417112299465,
    44.49197860962567,
    47.16577540106952,
    50.6951871657754,
    49.73262032085562,
    48.98395721925134,
    54.11764705882353,
    53.58288770053476,
    52.51336898395722,
    55.50802139037433,
    54.973262032085564,
    53.79679144385027,
    56.149732620320854,
    56.0427807486631,
    55.82887700534759,
    55.93582887700535,
    58.18181818181818,
    55.72192513368984,
    59.144385026737964,
    60.74866310160428,
    60.74866310160428,
    61.92513368983957,
    61.06951871657754,
    60.32085561497326,
    59.67914438502674,
    62.780748663101605,
    63.63636363636363,
    65.02673796791444,
    62.99465240641711,
    65.45454545454545,
    59.67914438502674,
    62.67379679144385,
    65.24064171122994,
    64.91978609625669,
    62.99465240641711,
    63.63636363636363,
    64.49197860962566,
    65.66844919786097,
    63.42245989304813,
    65.88235294117646,
    65.56149732620321,
    67.80748663101605,
    65.1336898395722,
    66.20320855614973,
    63.9572192513369,
    68.44919786096257,
    66.31016042780749,
    66.95187165775401,
    68.55614973262033,
    68.34224598930481,
    68.02139037433155,
    69.41176470588235,
    67.37967914438502,
    69.73262032085562,
    67.70053475935829,
    68.98395721925134,
    70.26737967914438,
    70.16042780748663,
    69.3048128342246,
    68.98395721925134,
    69.62566844919786,
    70.6951871657754,
    71.65775401069519,
    71.01604278074866,
    71.33689839572193,
    71.97860962566845,
    71.76470588235294,
    69.5187165775401,
    72.19251336898395,
    72.83422459893048,
    71.44385026737967,
    71.97860962566845,
    73.58288770053476,
    74.11764705882354,
    72.51336898395722,
    71.44385026737967,
    74.54545454545455,
    74.33155080213903,
    73.15508021390374,
    74.01069518716578,
    74.22459893048128,
    73.90374331550802,
    74.22459893048128,
    73.68983957219251,
    74.43850267379679,
    74.01069518716578,
    74.33155080213903,
    74.33155080213903,
    74.43850267379679,
    74.54545454545455,
    74.54545454545455,
    74.54545454545455
  ],