{
  "epochs": 100,
  "lr": 0.002,
  "best_val_acc": 40.893470790378004,
  "train_losses": [
    3.8338529677004427,
    3.7979297122439823,
    3.7677534850868017,
    3.7237158208279997,
    3.679080260766519,
    3.605715803197912,
    3.5279555578489563,
    3.4711377298509754,
    3.414063447230571,
    3.286986293019475,
    3.2876878686853357,
    3.1934199590940735,
    3.076009969453554,
    3.036381792377781,
    2.9006467767663904,
    2.854921527810999,
    3.0335499531513936,
    2.7306941135509595,
    2.7034030669444316,
    2.7765120557836585,
    2.549727807173858,
    2.5734992478344894,
    2.430248624569661,
    2.4290356636047363,
    2.3761208411809562,
    2.32081083993654,
    2.272344434583509,
    2.250719698699745,
    2.2513468877689258,
    2.199638782320796,
    2.1649654233777844,
    2.140421715942589,
    2.068561805261148,
    2.0185946741619625,
    1.9854699276589058,
    2.004186272621155,
    2.0857558379302152,
    1.978613550598557,
    1.8821918255573995,
    1.852382508484093,
    1.9752282194189124,
    1.9092277095124528,
    1.8234480973836538,
    1.7444691496926386,
    1.7924600324115239,
    1.7583752934997146,
    1.7801798453202118,
    1.815681502625749,
    1.7757133889842678,
    1.6581199877970927,
    1.662166173393662,
    1.6415399667379018,
    1.6458547469731923,
    1.608488221426268,
    1.6266211883441821,
    1.605690337516166,
    1.5274397199218337,
    1.5541427071030076,
    1.5293819582140125,
    1.4978280486287296,
    1.4740357173455727,
    1.4786172299771696,
    1.4943753190942712,
    1.424358554788538,
    1.4465278225976068,
    1.3659428793030817,
    1.4045451138470624,
    1.392201813491615,
    1.4152262307502128,
    1.3467637735444147,
    1.3263136164562122,
    1.3331337393941105,
    1.2894452004819303,
    1.2909128021549534,
    1.2814783292847711,
    1.2880384309871777,
    1.2676000095702507,
    1.2640817133156028,
    1.2168208183468998,
    1.2267510117711247,
    1.1939919945356008,
    1.1854228248467316,
    1.169807092563526,
    1.2088823221825264,
    1.1943839434030894,
    1.1612964739670624,
    1.172482575919177,
    1.1310794434031926,
    1.1426104613252588,
    1.1232822424656637,
    1.1280283960136208,
    1.1142146539043736,
    1.1271637952005542,
    1.088286723639514,
    1.085609882264524,
    1.1190759346291825,
    1.1081800106409434,
    1.1415021210103422,
    1.1245494533229519,
    1.0952496995797028
  ],
  "val_losses": [
    3.8045771598815916,
    3.7957215547561645,
    3.755418825149536,
    3.703950834274292,
    3.664968156814575,
    3.691258764266968,
    3.5421915292739867,
    3.5449162483215333,
    3.4842299938201906,
    3.429844069480896,
    3.4485687971115113,
    3.4017993688583372,
    3.4890838146209715,
    3.207068157196045,
    3.255673551559448,
    3.535117197036743,
    3.303913712501526,
    3.017781710624695,
    3.0172587394714356,
    3.2424739360809327,
    2.9401344299316405,
    2.890662980079651,
    2.8611167430877686,
    2.9791414737701416,
    2.801240110397339,
    3.064535641670227,
    2.706058883666992,
    2.6723804473876953,
    2.7824560165405274,
    2.8460500240325928,
    2.6438718318939207,
    2.6564411878585816,
    2.53948769569397,
    2.5046343326568605,
    2.6657793045043947,
    2.5918368339538573,
    2.6545856475830076,
    2.5725333213806154,
    2.405375337600708,
    2.8473772287368773,
    2.4834232568740844,
    2.4106050968170165,
    2.3770147800445556,
    2.4222963571548464,
    2.35160174369812,
    2.363530421257019,
    2.258677339553833,
    2.624180269241333,
    2.3971296548843384,
    2.2359355449676515,
    2.3261945247650146,
    2.457197117805481,
    2.309074592590332,
    2.306725525856018,
    2.2239499568939207,
    2.174719047546387,
    2.2179556608200075,
    2.187103581428528,
    2.1814910411834716,
    2.2474034309387205,
    2.209011363983154,
    2.1934091091156005,
    2.1531590700149534,
    2.0923609018325804,
    2.2153391242027283,
    2.179875600337982,
    2.1885837435722353,
    2.310208737850189,
    2.073203456401825,
    2.0991443634033202,
    2.0779839515686036,
    2.0637996315956117,
    2.0444145441055297,
    2.007287347316742,
    2.028093087673187,
    2.000198554992676,
    2.033984673023224,
    2.0050226926803587,
    2.0054083347320555,
    1.9791336417198182,
    1.9923925638198852,
    1.9995514154434204,
    1.971381413936615,
    1.9646318674087524,
    1.9974846959114074,
    1.9418703198432923,
    1.9570387721061706,
    1.9518558025360107,
    1.9538064360618592,
    1.9439303159713746,
    1.949822223186493,
    1.9549084782600403,
    1.9454638481140136,
    1.944581687450409,
    1.94460768699646,
    1.9438143968582153,
    1.9376757979393004,
    1.940388822555542,
    1.940293538570404,
    1.9402372002601624
  ],
  "train_accuracies": [
    2.586206896551724,
    3.6206896551724137,
    4.224137931034483,
    6.379310344827586,
    6.379310344827586,
    7.155172413793103,
    8.53448275862069,
    8.53448275862069,
    11.46551724137931,
    13.10344827586207,
    12.758620689655173,
    14.827586206896552,
    18.103448275862068,
    16.120689655172413,
    18.189655172413794,
    20.603448275862068,
    17.5,
    25.25862068965517,
    25.17241379310345,
    21.29310344827586,
    27.06896551724138,
    27.06896551724138,
    29.82758620689655,
    29.051724137931036,
    31.29310344827586,
    31.29310344827586,
    32.327586206896555,
    34.827586206896555,
    33.87931034482759,
    34.91379310344828,
    34.13793103448276,
    36.03448275862069,
    38.706896551724135,
    40.0,
    40.94827586206897,
    41.12068965517241,
    37.58620689655172,
    38.96551724137931,
    43.36206896551724,
    43.706896551724135,
    41.724137931034484,
    40.775862068965516,
    45.3448275862069,
    44.6551724137931,
    44.91379310344828,
    45.172413793103445,
    44.741379310344826,
    44.48275862068966,
    46.89655172413793,
    48.44827586206897,
    48.706896551724135,
    50.775862068965516,
    48.87931034482759,
    50.94827586206897,
    49.48275862068966,
    49.741379310344826,
    53.793103448275865,
    51.12068965517241,
    52.327586206896555,
    53.53448275862069,
    54.224137931034484,
    52.8448275862069,
    54.310344827586206,
    55.775862068965516,
    54.827586206896555,
    56.63793103448276,
    55.689655172413794,
    57.41379310344828,
    55.775862068965516,
    57.241379310344826,
    57.5,
    59.6551724137931,
    59.91379310344828,
    59.13793103448276,
    58.44827586206897,
    61.206896551724135,
    59.56896551724138,
    58.36206896551724,
    64.05172413793103,
    63.10344827586207,
    63.62068965517241,
    62.327586206896555,
    63.189655172413794,
    61.37931034482759,
    63.36206896551724,
    63.01724137931034,
    63.275862068965516,
    64.82758620689656,
    63.275862068965516,
    64.39655172413794,
    65.17241379310344,
    64.91379310344827,
    65.17241379310344,
    64.74137931034483,
    67.15517241379311,
    63.793103448275865,
    66.37931034482759,
    63.793103448275865,
    65.6896551724138,
    65.0
  ],