{
  "epochs": 100,
  "lr": 0.002,
  "best_val_acc": 39.175257731958766,
  "train_losses": [
    3.8262461005030453,
    3.761930581685659,
    3.6816358695159086,
    3.608598651112737,
    3.5059684289468303,
    3.4176085446331954,
    3.283441717560227,
    3.196645027882344,
    3.073500465702366,
    2.993495973380836,
    2.901227725518716,
    2.8256126223383724,
    2.7321093533490157,
    2.675939450392852,
    2.631747580863334,
    2.5312315773319556,
    2.5266980996003023,
    2.3979025692553133,
    2.4591960391482792,
    2.3118632999626367,
    2.3148151346155115,
    2.263577625558183,
    2.2444252903397017,
    2.1521961527901725,
    2.195099772633733,
    2.1315036786569133,
    2.1942268255594612,
    2.114896577757758,
    2.074596830316492,
    2.0593411149205387,
    2.0545351473060816,
    2.022614959123972,
    1.9696684495822803,
    1.9499153188756995,
    1.9303799577661462,
    1.935611077257105,
    1.8880705865653786,
    1.905564453150775,
    1.8763181389989079,
    1.8787038938419238,
    1.8832392338159922,
    1.8410818737906378,
    1.8122877752458728,
    1.7966061057271183,
    1.8208990032608445,
    1.788201999019932,
    1.7453402119713861,
    1.8088946116937172,
    1.7090376164462115,
    1.706485413216256,
    1.7298478210294568,
    1.7149469079198063,
    1.6635194952423509,
    1.6921317351830971,
    1.6440560012250334,
    1.6413398948875633,
    1.6353939610558588,
    1.6172530071155444,
    1.653081845592808,
    1.6005976490072302,
    1.626068833711985,
    1.6281330843229551,
    1.6155888905396332,
    1.5532534718513489,
    1.5708915446255658,
    1.5588227993733175,
    1.5727735467859216,
    1.5315188813853908,
    1.5358420964833852,
    1.5503735316766274,
    1.522792371543678,
    1.537718811550656,
    1.4860856629706718,
    1.5096997956971865,
    1.500035724124393,
    1.5017362994116705,
    1.5035255792978648,
    1.4375435983812488,
    1.5140289261534408,
    1.4843908065074198,
    1.446171280500051,
    1.4195630292634707,
    1.4405111751040898,
    1.419872200166857,
    1.4447872413171303,
    1.4283002937162244,
    1.4224995890179195,
    1.4272512809650317,
    1.4105634818205963,
    1.3739944793082572,
    1.376630257915806,
    1.37835638265352,
    1.419523896397771,
    1.3702872798249528,
    1.399135275467022,
    1.362043960674389,
    1.4047794293712925,
    1.401219955972723,
    1.3588141525113904,
    1.3821555279396676
  ],
  "val_losses": [
    3.7826902866363525,
    3.7382368087768554,
    3.805454158782959,
    3.7077833652496337,
    3.8599251747131347,
    3.485915017127991,
    3.4126852989196776,
    3.374328303337097,
    3.3570552587509157,
    3.1742562294006347,
    3.083722448348999,
    3.134821152687073,
    2.9309809923172,
    2.8744017124176025,
    2.9453259229660036,
    2.81821448802948,
    2.775286388397217,
    2.712517833709717,
    2.708232378959656,
    2.681097674369812,
    2.6578150510787966,
    2.5972101211547853,
    2.5945732831954955,
    2.48657808303833,
    2.5253892660140993,
    2.5262381553649904,
    2.576708984375,
    2.453826403617859,
    2.4948033809661867,
    2.4786638498306273,
    2.4216073513031007,
    2.3633310794830322,
    2.418459486961365,
    2.382947635650635,
    2.443230724334717,
    2.3963789463043215,
    2.3574750423431396,
    2.4036459922790527,
    2.382982051372528,
    2.4020044803619385,
    2.3167197465896607,
    2.3337720155715944,
    2.352027106285095,
    2.300507688522339,
    2.3210217237472532,
    2.341371011734009,
    2.2450061678886413,
    2.2328667521476744,
    2.232870316505432,
    2.250525152683258,
    2.2737475752830507,
    2.2239495277404786,
    2.231542158126831,
    2.2481724977493287,
    2.171041524410248,
    2.225730609893799,
    2.1778125762939453,
    2.234879183769226,
    2.17789511680603,
    2.165155839920044,
    2.1483097314834594,
    2.2040069103240967,
    2.101951169967651,
    2.1053385019302366,
    2.1304433226585386,
    2.115992784500122,
    2.0884965777397158,
    2.105260229110718,
    2.089477336406708,
    2.099555218219757,
    2.0456482768058777,
    2.051911211013794,
    2.1305349707603454,
    2.058440637588501,
    2.079488015174866,
    2.0244486570358275,
    2.0702214360237123,
    2.0416467666625975,
    2.0420180916786195,
    2.0527376413345335,
    2.0393179416656495,
    2.0653718590736387,
    2.023539590835571,
    2.0473986625671388,
    2.0212812304496763,
    2.0222112774848937,
    2.016983377933502,
    2.04378479719162,
    2.006619930267334,
    2.02194504737854,
    2.0161579489707946,
    2.0190370321273803,
    2.020518982410431,
    2.0171727895736695,
    2.0167967200279238,
    2.0163573026657104,
    2.0129727721214294,
    2.015550172328949,
    2.015239989757538,
    2.0151617527008057
  ],
  "train_accuracies": [
    2.8448275862068964,
    5.431034482758621,
    5.948275862068965,
    7.155172413793103,
    8.10344827586207,
    10.344827586206897,
    13.017241379310345,
    14.137931034482758,
    17.67241379310345,
    18.79310344827586,
    20.25862068965517,
    21.810344827586206,
    23.620689655172413,
    23.70689655172414,
    24.310344827586206,
    26.896551724137932,
    28.96551724137931,
    30.603448275862068,
    30.862068965517242,
    32.672413793103445,
    34.39655172413793,
    36.37931034482759,
    34.48275862068966,
    36.293103448275865,
    34.91379310344828,
    39.310344827586206,
    35.0,
    37.8448275862069,
    41.206896551724135,
    39.48275862068966,
    39.741379310344826,
    42.241379310344826,
    42.8448275862069,
    42.93103448275862,
    45.689655172413794,
    44.91379310344828,
    46.293103448275865,
    45.3448275862069,
    43.706896551724135,
    45.43103448275862,
    47.5,
    46.810344827586206,
    47.672413793103445,
    48.275862068965516,
    48.36206896551724,
    49.05172413793103,
    50.94827586206897,
    47.06896551724138,
    51.37931034482759,
    50.51724137931034,
    50.3448275862069,
    49.6551724137931,
    52.5,
    53.53448275862069,
    52.8448275862069,
    53.96551724137931,
    53.36206896551724,
    55.43103448275862,
    53.87931034482759,
    54.741379310344826,
    53.62068965517241,
    53.10344827586207,
    53.44827586206897,
    56.293103448275865,
    56.63793103448276,
    55.60344827586207,
    54.48275862068966,
    56.63793103448276,
    55.86206896551724,
    56.12068965517241,
    57.58620689655172,
    56.37931034482759,
    57.1551724137931,
    57.672413793103445,
    58.62068965517241,
    56.46551724137931,
    58.10344827586207,
    61.55172413793103,
    58.96551724137931,
    57.672413793103445,
    59.827586206896555,
    60.172413793103445,
    59.224137931034484,
    61.724137931034484,
    61.37931034482759,
    62.5,
    60.51724137931034,
    60.689655172413794,
    62.8448275862069,
    62.241379310344826,
    64.05172413793103,
    64.22413793103448,
    61.98275862068966,
    64.13793103448276,
    63.10344827586207,
    64.22413793103448,
    62.41379310344828,
    63.53448275862069,
    63.10344827586207,
    62.93103448275862
  ],