{
  "epochs": 100,
  "lr": 0.002,
  "best_val_acc": 67.01030927835052,
  "train_losses": [
    1.5231986754649394,
    1.520354058291461,
    1.4667606772603214,
    1.4553791961154423,
    1.4360233545303345,
    1.4041470482542708,
    1.4064898458687034,
    1.3683797958734873,
    1.3281631066992476,
    1.2760148837759688,
    1.2744480435912673,
    1.2518300526850932,
    1.2118855118751526,
    1.1854712479823344,
    1.1361312850101575,
    1.1018062636658952,
    1.0853266361597422,
    1.0958371565148637,
    1.0686617831926088,
    1.0206503578134485,
    1.0045388340950012,
    0.979865863516524,
    0.9817692782427814,
    0.9585340957383852,
    0.9205827020310067,
    0.9495662289696771,
    0.9261757087063145,
    0.8718164973967785,
    0.860140813363565,
    0.9414605659407538,
    0.8861591091027131,
    0.8852405918611063,
    0.8653130998482575,
    0.8209835548658628,
    0.8068048341854198,
    0.8872946806856103,
    0.8406466745041512,
    0.8022289082810685,
    0.8545525831145209,
    0.789738813767562,
    0.7923543855950639,
    0.7982580500680048,
    0.7999554477833413,
    0.7954088948868416,
    0.7843838285755467,
    0.7700533528585691,
    0.7904730495568868,
    0.7214513622425698,
    0.7620006243924837,
    0.7642130819526879,
    0.7446757716101569,
    0.7428102428848679,
    0.6954583356509337,
    0.7004285140617473,
    0.681277087411365,
    0.7102103700508943,
    0.7238352355119344,
    0.7339404789177147,
    0.7148100717647655,
    0.70500160955094,
    0.7031475434432158,
    0.626983955099776,
    0.6827277275356086,
    0.648059895715198,
    0.6311923354058653,
    0.6421365286852863,
    0.6479339470734468,
    0.6233108599443693,
    0.6515833292458508,
    0.6373679388213802,
    0.61289493054957,
    0.6145552670633471,
    0.6130932545339739,
    0.6024687088824607,
    0.6051774854595596,
    0.6241230972715326,
    0.5805709643943889,
    0.5707609282957541,
    0.5941602136637714,
    0.5976436701980797,
    0.5426047871241698,
    0.59933611186775,
    0.5736723920783481,
    0.5668303587952176,
    0.5898077246305105,
    0.5907627328022106,
    0.5514162126425151,
    0.5621878657792065,
    0.5407384666236671,
    0.569418415829942,
    0.5609673374408001,
    0.544453819055815,
    0.547584299300168,
    0.5327543990837561,
    0.538360204245593,
    0.5394795303409164,
    0.5316800418737773,
    0.5474080668913351,
    0.5342321138124209,
    0.5483707141231846
  ],
  "val_losses": [
    2.506459355354309,
    1.4483500242233276,
    1.4364744067192077,
    1.414811944961548,
    1.3952184557914733,
    1.3540929913520814,
    1.3672897815704346,
    1.3391110479831696,
    1.355392575263977,
    1.3016344547271728,
    1.271258419752121,
    1.284548830986023,
    1.246814113855362,
    1.2210013926029206,
    1.1412081480026246,
    1.104383999109268,
    1.1705509305000306,
    1.1028943717479707,
    1.085783389210701,
    1.0728153586387634,
    1.0148147195577621,
    1.0670132994651795,
    1.078054615855217,
    1.020759442448616,
    1.119793164730072,
    0.9862349420785904,
    1.026187664270401,
    0.9705790013074875,
    0.9806377649307251,
    1.0083402663469314,
    0.9953705817461014,
    1.0250608593225479,
    0.9437614947557449,
    0.9280215531587601,
    0.9087604314088822,
    1.0150115132331847,
    0.8951481312513352,
    0.9242988705635071,
    0.9695661872625351,
    0.9824482545256614,
    1.0763097167015077,
    0.9873167455196381,
    0.9179360300302506,
    0.9368310570716858,
    0.9144343554973602,
    0.9146359741687775,
    0.8663537055253983,
    0.8789257556200027,
    0.8734232753515243,
    0.8987515687942504,
    0.8624279394745826,
    0.8540912061929703,
    0.8876373633742333,
    1.077513763308525,
    0.8507319658994674,
    0.8776398122310638,
    0.9217852056026459,
    0.9072502315044403,
    0.9524483174085617,
    0.8484676659107209,
    0.8729475885629654,
    0.8502311140298844,
    0.8891771480441093,
    0.8474102362990379,
    0.8435922563076019,
    0.8670917183160782,
    0.8065475195646286,
    0.8232553213834762,
    0.8708109766244888,
    0.9789775222539902,
    0.8440810471773148,
    0.825818994641304,
    0.8073853105306625,
    0.8332551628351211,
    0.8215070545673371,
    0.7949277207255363,
    0.8041858062148094,
    0.7769698902964592,
    0.7739606752991677,
    0.7916269391775131,
    0.7841531947255135,
    0.8018637835979462,
    0.7887008026242256,
    0.8214135199785233,
    0.7696581587195397,
    0.7810789763927459,
    0.7814722016453743,
    0.7703981563448906,
    0.77127615660429,
    0.767235879600048,
    0.7723683297634125,
    0.7788231775164605,
    0.7779748782515525,
    0.7668795868754387,
    0.7740160584449768,
    0.7687704801559448,
    0.7687501147389412,
    0.7682536169886589,
    0.7690362706780434,
    0.7690151855349541
  ],
  "train_accuracies": [
    34.741379310344826,
    32.93103448275862,
    35.86206896551724,
    37.758620689655174,
    38.53448275862069,
    41.206896551724135,
    38.44827586206897,
    41.89655172413793,
    45.0,
    47.5,
    48.87931034482759,
    50.60344827586207,
    50.258620689655174,
    53.275862068965516,
    55.172413793103445,
    56.98275862068966,
    56.98275862068966,
    58.706896551724135,
    58.10344827586207,
    60.86206896551724,
    61.12068965517241,
    62.672413793103445,
    62.8448275862069,
    64.48275862068965,
    64.82758620689656,
    62.5,
    64.56896551724138,
    66.03448275862068,
    66.55172413793103,
    63.96551724137931,
    65.60344827586206,
    65.43103448275862,
    65.86206896551724,
    69.48275862068965,
    70.86206896551724,
    65.94827586206897,
    68.87931034482759,
    67.84482758620689,
    67.15517241379311,
    70.0,
    68.36206896551724,
    68.87931034482759,
    69.56896551724138,
    70.08620689655173,
    70.60344827586206,
    71.72413793103448,
    69.91379310344827,
    73.1896551724138,
    72.5,
    72.58620689655173,
    72.06896551724138,
    71.20689655172414,
    74.3103448275862,
    72.75862068965517,
    73.1896551724138,
    71.89655172413794,
    73.27586206896552,
    72.93103448275862,
    72.84482758620689,
    73.62068965517241,
    73.36206896551724,
    76.55172413793103,
    73.62068965517241,
    75.86206896551724,
    76.37931034482759,
    76.46551724137932,
    75.60344827586206,
    76.63793103448276,
    74.91379310344827,
    76.37931034482759,
    77.41379310344827,
    77.15517241379311,
    76.46551724137932,
    77.41379310344827,
    77.58620689655173,
    76.46551724137932,
    77.67241379310344,
    78.70689655172414,
    77.58620689655173,
    77.58620689655173,
    80.51724137931035,
    77.32758620689656,
    79.13793103448276,
    79.39655172413794,
    76.98275862068965,
    78.36206896551724,
    79.3103448275862,
    79.3103448275862,
    80.0,
    79.05172413793103,
    79.05172413793103,
    79.91379310344827,
    79.91379310344827,
    81.98275862068965,
    79.74137931034483,
    80.08620689655173,
    81.37931034482759,
    80.6896551724138,
    80.60344827586206,
    80.6896551724138
  ],