{
  "model_type": "dinov2",
  "epochs": 20,
  "lr": 1e-05,
  "best_val_acc": 90.72164948453609,
  "train_losses": [
    3.919782032837739,
    3.5314775093181714,
    2.9767069107777364,
    2.0833859314789644,
    1.3936620547964766,
    0.8265193861884039,
    0.551057909791534,
    0.3822110718166506,
    0.26717364908875646,
    0.16360060790100614,
    0.12187161719476855,
    0.08658120323073219,
    0.0637135759398744,
    0.05555998579271742,
    0.030836280485665477,
    0.021811442248321867,
    0.018462946437097883,
    0.015760839413348084,
    0.015932944653606094,
    0.019862444756703602
  ],
  "val_losses": [
    3.7121997594833376,
    3.403333568572998,
    2.7869122982025147,
    1.9414726376533509,
    1.6087632179260254,
    1.0281992435455323,
    0.8209252804517746,
    0.7206166207790374,
    0.6208205938339233,
    0.5637167394161224,
    0.5487298727035522,
    0.4904656246304512,
    0.49726379215717315,
    0.40474002361297606,
    0.3744944348931313,
    0.35947911590337756,
    0.3411574997007847,
    0.34927612692117693,
    0.3682957082986832,
    0.3749390125274658
  ],
  "train_accuracies": [
    2.586206896551724,
    10.344827586206897,
    21.982758620689655,
    43.36206896551724,
    62.93103448275862,
    80.43103448275862,
    87.84482758620689,
    92.24137931034483,
    96.12068965517241,
    98.01724137931035,
    98.44827586206897,
    99.22413793103448,
    99.56896551724138,
    99.74137931034483,
    100.0,
    100.0,
    99.91379310344827,
    100.0,
    99.91379310344827,
    99.82758620689656
  ],
  "val_accuracies": [
    5.154639175257732,
    12.027491408934708,
    24.742268041237114,
    47.07903780068729,
    52.92096219931271,
    72.85223367697594,
    75.94501718213058,
    79.38144329896907,
    84.5360824742268,
    82.13058419243987,
    83.16151202749141,
    86.25429553264605,
    85.91065292096219,
    87.97250859106529,
    90.37800687285224,
    90.37800687285224,
    90.72164948453609,
    89.34707903780068,
    90.37800687285224,
    87.62886597938144
  ],
  "topk": 3,
  "train_topk_accuracies": [
    9.827586206896552,
    21.637931034482758,
    41.89655172413793,
    69.56896551724138,
    86.12068965517241,
    95.51724137931035,
    98.27586206896552,
    99.13793103448276,
    99.65517241379311,
    100.0,
    100.0,
    100.0,
    100.0,
    100.0,
    100.0,
    100.0,
    100.0,
    100.0,
    100.0,
    100.0
  ],
  "val_topk_accuracies": [
    14.43298969072165,
    27.147766323024054,
    43.986254295532646,
    71.47766323024055,
    80.06872852233677,
    89.69072164948453,
    94.15807560137458,
    94.15807560137458,
    97.2508591065292,
    97.2508591065292,
    97.59450171821305,
    96.21993127147766,
    97.59450171821305,
    97.9381443298969,
    97.59450171821305,
    96.90721649484536,
    97.9381443298969,
    97.2508591065292,
    97.9381443298969,
    97.59450171821305
  ]
}