{
  "epochs": 100,
  "lr": 0.002,
  "best_val_acc": 61.53846153846154,
  "train_losses": [
    2.371653612454732,
    2.0954014539718626,
    1.7930509289105734,
    1.7880679607391357,
    1.7210411032040913,
    1.6940682689348856,
    1.6513997673988343,
    1.6285725951194763,
    1.609300156434377,
    1.5953881899515787,
    1.558002245426178,
    1.5523902773857117,
    1.5395235737164816,
    1.520944929122925,
    1.4747242689132691,
    1.5221078515052795,
    1.4960070331891377,
    1.5008793115615844,
    1.4298178871472678,
    1.419220507144928,
    1.358851949373881,
    1.3927888830502828,
    1.3695683320363363,
    1.4124282638231913,
    1.3744626462459564,
    1.3317657828330993,
    1.3041619936625162,
    1.2938782890637717,
    1.27157874306043,
    1.238418310880661,
    1.2566353460152944,
    1.2352721254030863,
    1.1997176428635916,
    1.2476353267828624,
    1.1504140198230743,
    1.1320073167483011,
    1.1845570454994838,
    1.1540690104166667,
    1.1369264324506123,
    1.119127662976583,
    1.0926475207010904,
    1.0561644911766053,
    1.0559333314498265,
    1.0505189259847005,
    1.091121902068456,
    1.0653532803058625,
    1.0588750819365182,
    1.0645782748858135,
    1.0508017440636952,
    1.0133943100770315,
    1.0461690127849579,
    1.030093357960383,
    0.9832018435001373,
    0.9382875323295593,
    0.946242880821228,
    0.9633874694506327,
    0.9672182440757752,
    0.94592238565286,
    0.9397421916325887,
    1.0123534182707468,
    0.9307199537754058,
    0.9563828706741333,
    0.9312227149804433,
    0.8618782957394918,
    0.8796611328919729,
    0.8722655435403188,
    0.8867045799891154,
    0.8577263375123342,
    0.8237520436445872,
    0.814221610625585,
    0.7943908601999283,
    0.7684200763702392,
    0.829742040236791,
    0.7628554056088129,
    0.7692793836196263,
    0.77547807097435,
    0.7683700193961461,
    0.7364029854536056,
    0.7228747586409251,
    0.7118013381958008,
    0.7074410955111186,
    0.7214413126309712,
    0.6960790793100993,
    0.6957439472277959,
    0.6789727638165156,
    0.6952762087186177,
    0.6987509498993556,
    0.6815148621797562,
    0.6821874618530274,
    0.6643445988496145,
    0.6718035221099854,
    0.6652967800696691,
    0.6498980720837911,
    0.6629592527945837,
    0.6501400788625081,
    0.6427718708912532,
    0.6390489260355632,
    0.638393493493398,
    0.6379025220870972,
    0.6510850975910822
  ],
  "val_losses": [
    2.211476743221283,
    1.8195552378892899,
    1.8465627878904343,
    1.7091441601514816,
    1.6481023132801056,
    1.6395398825407028,
    1.595969706773758,
    1.5797501057386398,
    1.589598685503006,
    1.5759778916835785,
    1.568567469716072,
    1.545482486486435,
    1.4859479367733002,
    1.492485672235489,
    1.6984669715166092,
    1.511878252029419,
    1.6716906130313873,
    1.4287154525518417,
    1.4810311049222946,
    1.3919913917779922,
    1.4545418918132782,
    1.4088157713413239,
    1.406290054321289,
    1.4817994982004166,
    1.4181301593780518,
    1.3101553171873093,
    1.2933336943387985,
    1.265659138560295,
    1.3411688804626465,
    1.2880518287420273,
    1.272461175918579,
    1.2642690539360046,
    1.3717977106571198,
    1.229420468211174,
    1.2129807770252228,
    1.3816996812820435,
    1.4479933977127075,
    1.231221079826355,
    1.2099788933992386,
    1.1758533790707588,
    1.1827488914132118,
    1.2311243936419487,
    1.203419841825962,
    1.2184448391199112,
    1.1885435655713081,
    1.1505702212452888,
    1.2227132767438889,
    1.117095910012722,
    1.182158388197422,
    1.2309176549315453,
    1.297474429011345,
    1.2205598652362823,
    1.1011504977941513,
    1.1753315329551697,
    1.1213509663939476,
    1.08507489413023,
    1.2888334542512894,
    1.1638017669320107,
    1.2657094597816467,
    1.1068799570202827,
    1.2632984668016434,
    1.1477998495101929,
    1.1078950837254524,
    1.1113772317767143,
    1.1668797209858894,
    1.1012964248657227,
    1.145430326461792,
    1.0799071118235588,
    1.0861540287733078,
    1.0813362151384354,
    1.107967384159565,
    1.1186969876289368,
    1.0836904346942902,
    1.0768216997385025,
    1.071800857782364,
    1.0862392038106918,
    1.07322858273983,
    1.090238980948925,
    1.0786238685250282,
    1.0961761772632599,
    1.1067771911621094,
    1.070788025856018,
    1.067181445658207,
    1.0589559748768806,
    1.0700080916285515,
    1.1093680784106255,
    1.056849092245102,
    1.0691601037979126,
    1.0643156543374062,
    1.0584266632795334,
    1.0726627185940742,
    1.0624956339597702,
    1.0632257014513016,
    1.0690260082483292,
    1.0675411075353622,
    1.0674268677830696,
    1.0672462359070778,
    1.0662958100438118,
    1.066499412059784,
    1.0664282739162445
  ],
  "train_accuracies": [
    19.78609625668449,
    28.55614973262032,
    30.58823529411765,
    29.197860962566846,
    32.51336898395722,
    32.72727272727273,
    35.82887700534759,
    36.25668449197861,
    36.25668449197861,
    36.0427807486631,
    36.36363636363637,
    36.470588235294116,
    36.898395721925134,
    38.07486631016043,
    41.1764705882353,
    41.06951871657754,
    41.60427807486631,
    40.962566844919785,
    45.24064171122995,
    44.06417112299465,
    45.026737967914436,
    44.27807486631016,
    48.55614973262032,
    45.775401069518715,
    46.95187165775401,
    47.9144385026738,
    48.55614973262032,
    48.44919786096256,
    49.73262032085562,
    52.94117647058823,
    52.29946524064171,
    53.04812834224599,
    54.224598930481285,
    50.90909090909091,
    56.0427807486631,
    55.50802139037433,
    54.11764705882353,
    55.294117647058826,
    54.331550802139034,
    58.18181818181818,
    56.898395721925134,
    59.25133689839572,
    58.50267379679144,
    60.64171122994652,
    57.86096256684492,
    59.786096256684495,
    58.39572192513369,
    58.07486631016043,
    58.93048128342246,
    61.1764705882353,
    59.67914438502674,
    61.1764705882353,
    62.032085561497325,
    64.49197860962566,
    62.45989304812834,
    60.213903743315505,
    61.49732620320856,
    62.88770053475936,
    63.20855614973262,
    61.711229946524064,
    64.49197860962566,
    64.1711229946524,
    63.31550802139037,
    65.77540106951872,
    66.84491978609626,
    65.88235294117646,
    65.98930481283422,
    68.98395721925134,
    68.98395721925134,
    68.55614973262033,
    67.9144385026738,
    71.12299465240642,
    69.41176470588235,
    71.55080213903743,
    71.76470588235294,
    71.22994652406418,
    70.9090909090909,
    72.51336898395722,
    71.76470588235294,
    74.22459893048128,
    73.15508021390374,
    72.62032085561498,
    74.01069518716578,
    73.58288770053476,
    75.93582887700535,
    74.6524064171123,
    74.54545454545455,
    74.54545454545455,
    75.8288770053476,
    75.8288770053476,
    77.54010695187166,
    77.11229946524064,
    77.11229946524064,
    77.00534759358288,
    77.2192513368984,
    77.96791443850267,
    77.75401069518716,
    77.86096256684492,
    78.07486631016043,
    78.07486631016043
  ],