{
  "model_type": "clip",
  "epochs": 20,
  "lr": 1e-05,
  "best_val_acc": 94.87179487179488,
  "train_losses": [
    1.6425576110680897,
    0.687848458190759,
    0.23781018530329068,
    0.09060500878840685,
    0.02889812705107033,
    0.02490754285827279,
    0.008176514715887605,
    0.0067604855556661885,
    0.0034812441638981304,
    0.002452338335569948,
    0.002106554682056109,
    0.0018630521604791283,
    0.0016594689533424875,
    0.0015123372276624044,
    0.0013354680151678622,
    0.00124164661198544,
    0.0011298973967010775,
    0.0010433571645990015,
    0.0009752823932406803,
    0.0008974478289019317
  ],
  "val_losses": [
    1.2082864493131638,
    0.5354172848165035,
    0.26734795048832893,
    0.28033244889229536,
    0.21753872581757605,
    0.23203090857714415,
    0.17619202798232436,
    0.15459773526526988,
    0.14391185226850212,
    0.1426435763714835,
    0.1390225273789838,
    0.13863689766731113,
    0.13703390932641923,
    0.13785557530354708,
    0.13599012175109237,
    0.1370978383347392,
    0.13495221373159438,
    0.13597921637119725,
    0.13472152512986213,
    0.13532402156852186
  ],
  "train_accuracies": [
    44.06417112299465,
    77.2192513368984,
    93.68983957219251,
    97.96791443850267,
    99.57219251336899,
    99.57219251336899,
    99.89304812834224,
    99.89304812834224,
    100.0,
    100.0,
    100.0,
    100.0,
    100.0,
    100.0,
    100.0,
    100.0,
    100.0,
    100.0,
    100.0,
    100.0
  ],
  "val_accuracies": [
    56.837606837606835,
    82.90598290598291,
    90.17094017094017,
    90.5982905982906,
    91.45299145299145,
    91.02564102564102,
    94.44444444444444,
    94.01709401709402,
    94.87179487179488,
    94.44444444444444,
    94.44444444444444,
    94.44444444444444,
    94.44444444444444,
    94.87179487179488,
    94.87179487179488,
    94.87179487179488,
    94.87179487179488,
    94.87179487179488,
    94.87179487179488,
    94.87179487179488
  ],
  "topk": 1
}