{
  "epochs": 50,
  "lr": 0.0035,
  "best_val_acc": 81.62393162393163,
  "train_losses": [
    2.0217995007832843,
    1.6847225824991863,
    1.5732327262560526,
    1.453627343972524,
    1.2394196967283884,
    1.0951566656430562,
    0.922792128721873,
    0.8648682196935018,
    0.7684058845043182,
    0.7249180922905604,
    0.628734114766121,
    0.5154292186101278,
    0.4885546386241913,
    0.40764806419610977,
    0.4026885857184728,
    0.29767830967903136,
    0.23423605660597482,
    0.23518715078632038,
    0.32060455878575644,
    0.14492017428080242,
    0.09452191802362601,
    0.06506237604965766,
    0.07044802491242687,
    0.05039986443395416,
    0.02935084082807104,
    0.022631717985495924,
    0.018561433519547185,
    0.014745559745157759,
    0.012497335175673167,
    0.011264151614159345,
    0.009771209303289652,
    0.009347201658723254,
    0.008605139423161745,
    0.008041863469406963,
    0.007819576406230528,
    0.007310620066709817,
    0.00710405595600605,
    0.006867229325386385,
    0.006837181902180116,
    0.0066931065637618305,
    0.0064883481633539,
    0.006522329493115346,
    0.0062605040691172086,
    0.0062239640004312,
    0.006214659591205418,
    0.006097220140509308,
    0.006101813904630641,
    0.006152773912375172,
    0.006108586474632223,
    0.006087115205203494
  ],
  "val_losses": [
    1.730137437582016,
    1.5912857353687286,
    1.5553354620933533,
    1.385458618402481,
    1.2060315161943436,
    1.0577092319726944,
    0.9852393120527267,
    0.9436222314834595,
    0.8806255087256432,
    0.7595818564295769,
    0.7934107966721058,
    0.8089008927345276,
    0.6946426741778851,
    0.7784043289721012,
    0.6797353252768517,
    0.680067639797926,
    0.6104232780635357,
    0.6595406718552113,
    0.6077121198177338,
    0.6722506247460842,
    0.685964897274971,
    0.7273840606212616,
    0.7080434001982212,
    0.6607726216316223,
    0.6574033293873072,
    0.6773042269051075,
    0.7047948464751244,
    0.6951379366219044,
    0.6847052089869976,
    0.7027055695652962,
    0.6886809840798378,
    0.7006778083741665,
    0.7050286009907722,
    0.7130022011697292,
    0.7076846621930599,
    0.7132047340273857,
    0.7134345285594463,
    0.7094624601304531,
    0.716280996799469,
    0.7167464680969715,
    0.717284806072712,
    0.717961098998785,
    0.7167760245501995,
    0.7183036580681801,
    0.7177721224725246,
    0.7178096100687981,
    0.7183273285627365,
    0.7181752286851406,
    0.7183888293802738,
    0.7184174209833145
  ],
  "train_accuracies": [
    25.88235294117647,
    32.83422459893048,
    37.11229946524064,
    42.032085561497325,
    53.36898395721925,
    58.93048128342246,
    64.38502673796792,
    64.81283422459893,
    70.05347593582887,
    74.33155080213903,
    75.50802139037434,
    81.28342245989305,
    80.53475935828877,
    84.49197860962566,
    84.91978609625669,
    90.37433155080214,
    92.62032085561498,
    92.83422459893048,
    88.55614973262033,
    95.93582887700535,
    98.28877005347593,
    98.82352941176471,
    98.93048128342247,
    99.03743315508021,
    99.89304812834224,
    100.0,
    100.0,
    100.0,
    100.0,
    100.0,
    100.0,
    100.0,
    100.0,
    100.0,
    100.0,
    100.0,
    100.0,
    100.0,
    100.0,
    100.0,
    100.0,
    100.0,
    100.0,
    100.0,
    100.0,
    100.0,
    100.0,
    100.0,
    100.0,
    100.0
  ],
  "val_accuracies": [
    35.47008547008547,
    38.888888888888886,
    37.60683760683761,
    47.00854700854701,
    54.27350427350427,
    60.68376068376068,
    63.675213675213676,
    64.52991452991454,
    66.23931623931624,
    67.52136752136752,
    69.23076923076923,
    69.23076923076923,
    75.21367521367522,
    73.07692307692308,
    74.78632478632478,
    75.21367521367522,
    76.4957264957265,
    76.4957264957265,
    79.91452991452991,
    77.77777777777777,
    77.77777777777777,
    78.63247863247864,
    79.91452991452991,
    79.48717948717949,
    81.62393162393163,
    79.91452991452991,
    79.91452991452991,
    79.05982905982906,
    79.91452991452991,
    79.91452991452991,
    79.48717948717949,
    79.91452991452991,
    79.91452991452991,
    80.34188034188034,
    79.91452991452991,
    79.91452991452991,
    79.91452991452991,
    79.48717948717949,
    79.91452991452991,
    80.76923076923077,
    80.34188034188034,
    80.34188034188034,
    80.34188034188034,
    80.34188034188034,
    79.91452991452991,
    79.91452991452991,
    79.91452991452991,
    79.91452991452991,
    79.91452991452991,
    79.91452991452991
  ],
  "topk": 1
}