{
  "epochs": 50,
  "lr": 0.0035,
  "best_val_acc": 78.35051546391753,
  "train_losses": [
    2.6892246169012948,
    2.254806399345398,
    1.894505136721843,
    1.645156876460926,
    1.513586392273774,
    1.2542895336408872,
    1.1897532231098897,
    1.1120241332698513,
    1.0129959180548385,
    1.0100816778234534,
    0.8824033721073253,
    0.8186940639405638,
    0.7241364467788387,
    0.7131992916803103,
    0.6917231159435736,
    0.6354895805990374,
    0.5695901126474947,
    0.5810943334489256,
    0.4804714104613742,
    0.49272458496931437,
    0.44725963916327505,
    0.45616058240065704,
    0.37952451367635986,
    0.3635734605628091,
    0.35290001775767355,
    0.32280946986095327,
    0.3090386552786505,
    0.28352684829686137,
    0.26029975994213206,
    0.26711290108191,
    0.2404210222129886,
    0.1889798230416066,
    0.19512908422463648,
    0.20016894650620384,
    0.15947861184139508,
    0.15708948097921707,
    0.15492743102682605,
    0.14709054275944428,
    0.13907474470702377,
    0.13019479428594177,
    0.12796077917556506,
    0.12353954393718694,
    0.1159490686212037,
    0.13019465342969508,
    0.10911112872732652,
    0.10721185964507025,
    0.1175933632294874,
    0.11458091870755763,
    0.11446493531803827,
    0.11302029311254218
  ],
  "val_losses": [
    2.3867633819580076,
    2.244120180606842,
    1.830291473865509,
    1.7808496713638307,
    1.5815192461013794,
    1.5949466586112977,
    1.4444804728031158,
    1.3928318217396736,
    1.4227633237838746,
    1.1777942717075347,
    1.1831161737442017,
    1.137764212489128,
    1.047403058409691,
    1.128686511516571,
    1.1193563997745515,
    0.9824608236551284,
    0.959630410373211,
    0.9326941967010498,
    0.928265917301178,
    0.9347631677985191,
    1.0072145640850068,
    1.0422186136245728,
    0.8681524813175201,
    0.910872083902359,
    0.9365119740366936,
    0.9103674679994583,
    0.8858108282089233,
    0.8245575368404389,
    0.8391508087515831,
    0.8103767484426498,
    0.8126413285732269,
    0.8539847493171692,
    0.8587442219257355,
    0.7951246932148933,
    0.8114141643047332,
    0.8091302424669266,
    0.7520685955882073,
    0.7454778008162976,
    0.7854894369840622,
    0.7846446022391319,
    0.7699590638279915,
    0.7962169036269188,
    0.7729872971773147,
    0.7582865580916405,
    0.761930127441883,
    0.7753166005015373,
    0.7697861418128014,
    0.7685378268361092,
    0.7665587112307548,
    0.7663791343569756
  ],
  "train_accuracies": [
    15.172413793103448,
    27.24137931034483,
    38.87931034482759,
    45.172413793103445,
    51.03448275862069,
    59.56896551724138,
    59.6551724137931,
    63.96551724137931,
    65.34482758620689,
    65.0,
    68.62068965517241,
    73.62068965517241,
    76.12068965517241,
    75.6896551724138,
    78.01724137931035,
    78.62068965517241,
    83.36206896551724,
    81.29310344827586,
    84.91379310344827,
    85.0,
    85.51724137931035,
    85.60344827586206,
    88.1896551724138,
    88.79310344827586,
    89.05172413793103,
    90.6896551724138,
    90.25862068965517,
    92.15517241379311,
    92.32758620689656,
    92.75862068965517,
    93.53448275862068,
    96.12068965517241,
    94.82758620689656,
    94.65517241379311,
    96.46551724137932,
    96.12068965517241,
    96.37931034482759,
    96.89655172413794,
    96.89655172413794,
    97.32758620689656,
    97.5,
    97.41379310344827,
    98.44827586206897,
    97.67241379310344,
    98.1896551724138,
    98.1896551724138,
    98.01724137931035,
    97.67241379310344,
    98.36206896551724,
    98.36206896551724
  ],
  "val_accuracies": [
    21.305841924398624,
    27.835051546391753,
    38.487972508591064,
    42.2680412371134,
    46.391752577319586,
    46.04810996563574,
    50.85910652920962,
    49.14089347079038,
    51.89003436426117,
    55.32646048109966,
    57.38831615120275,
    59.79381443298969,
    61.16838487972509,
    60.48109965635739,
    59.450171821305844,
    64.26116838487972,
    65.63573883161511,
    70.44673539518901,
    70.10309278350516,
    69.7594501718213,
    68.72852233676976,
    67.01030927835052,
    72.5085910652921,
    67.69759450171821,
    69.7594501718213,
    69.41580756013745,
    71.47766323024055,
    73.53951890034364,
    74.22680412371135,
    75.60137457044674,
    73.88316151202748,
    72.85223367697594,
    74.5704467353952,
    75.25773195876289,
    74.91408934707904,
    78.00687285223368,
    76.28865979381443,
    75.25773195876289,
    78.35051546391753,
    77.66323024054982,
    77.31958762886597,
    76.28865979381443,
    76.97594501718213,
    77.31958762886597,
    76.97594501718213,
    76.97594501718213,
    77.31958762886597,
    78.00687285223368,
    77.66323024054982,
    77.66323024054982
  ],
  "topk": 3,
  "train_topk_accuracies": [
    40.43103448275862,
    57.5,
    68.1896551724138,
    77.93103448275862,
    80.17241379310344,
    85.25862068965517,
    85.94827586206897,
    88.01724137931035,
    91.12068965517241,
    89.56896551724138,
    92.75862068965517,
    93.1896551724138,
    94.56896551724138,
    94.22413793103448,
    95.6896551724138,
    96.12068965517241,
    96.46551724137932,
    95.86206896551724,
    97.5,
    97.93103448275862,
    97.93103448275862,
    97.58620689655173,
    98.1896551724138,
    98.36206896551724,
    98.96551724137932,
    98.70689655172414,
    99.13793103448276,
    99.39655172413794,
    99.48275862068965,
    99.48275862068965,
    99.74137931034483,
    99.56896551724138,
    99.74137931034483,
    99.82758620689656,
    99.91379310344827,
    100.0,
    100.0,
    99.65517241379311,
    99.82758620689656,
    100.0,
    100.0,
    99.91379310344827,
    100.0,
    99.82758620689656,
    99.91379310344827,
    99.91379310344827,
    100.0,
    99.91379310344827,
    99.91379310344827,
    99.82758620689656
  ],
  "val_topk_accuracies": [
    50.171821305841924,
    53.95189003436426,
    70.10309278350516,
    76.28865979381443,
    75.25773195876289,
    75.60137457044674,
    76.97594501718213,
    79.72508591065292,
    80.06872852233677,
    86.25429553264605,
    85.91065292096219,
    86.5979381443299,
    87.97250859106529,
    86.5979381443299,
    88.65979381443299,
    89.34707903780068,
    88.65979381443299,
    91.75257731958763,
    90.03436426116839,
    91.06529209621993,
    90.03436426116839,
    90.03436426116839,
    92.78350515463917,
    90.37800687285224,
    90.03436426116839,
    89.00343642611683,
    90.72164948453609,
    93.12714776632302,
    91.40893470790378,
    92.78350515463917,
    92.09621993127148,
    92.09621993127148,
    94.50171821305842,
    94.50171821305842,
    93.12714776632302,
    91.06529209621993,
    93.47079037800687,
    92.43986254295532,
    92.78350515463917,
    92.78350515463917,
    93.47079037800687,
    93.47079037800687,
    92.78350515463917,
    93.81443298969072,
    93.47079037800687,
    92.43986254295532,
    93.47079037800687,
    93.81443298969072,
    93.81443298969072,
    93.81443298969072
  ]
}