{
  "model_type": "imagenet",
  "epochs": 20,
  "lr": 0.0001,
  "best_val_acc": 91.02564102564102,
  "train_losses": [
    1.902980422973633,
    1.1378950277964275,
    0.6228128006060918,
    0.4238149111469587,
    0.22964403281609216,
    0.1783519506454468,
    0.13780821536978086,
    0.183798794200023,
    0.11594614783922831,
    0.22010802514851094,
    0.12877225875854492,
    0.13407750303546587,
    0.1003014047940572,
    0.19003998724122842,
    0.07365378905087709,
    0.03598631539692481,
    0.028985197904209295,
    0.024855253597100575,
    0.021831423230469226,
    0.01984127393613259
  ],
  "val_losses": [
    1.4791074693202972,
    0.8969382271170616,
    0.6925205811858177,
    0.5083042643964291,
    0.45086684450507164,
    0.48467929661273956,
    0.5013893991708755,
    0.41371335834264755,
    0.45502645522356033,
    0.665739543735981,
    0.7508909702301025,
    0.4489331590011716,
    0.7166065368801355,
    0.4545988757163286,
    0.39135914854705334,
    0.3689953461289406,
    0.4531084205955267,
    0.365143571048975,
    0.3590919952839613,
    0.36343954876065254
  ],
  "train_accuracies": [
    36.898395721925134,
    72.72727272727273,
    90.05347593582887,
    93.90374331550802,
    98.6096256684492,
    98.6096256684492,
    99.03743315508021,
    96.89839572192513,
    98.71657754010695,
    95.18716577540107,
    97.86096256684492,
    97.00534759358288,
    98.71657754010695,
    95.72192513368984,
    99.03743315508021,
    99.78609625668449,
    100.0,
    100.0,
    100.0,
    100.0
  ],
  "val_accuracies": [
    52.99145299145299,
    79.05982905982906,
    81.19658119658119,
    86.75213675213675,
    88.88888888888889,
    88.03418803418803,
    88.03418803418803,
    88.88888888888889,
    86.75213675213675,
    76.06837606837607,
    79.91452991452991,
    88.88888888888889,
    80.76923076923077,
    89.31623931623932,
    90.5982905982906,
    90.17094017094017,
    88.88888888888889,
    91.02564102564102,
    90.17094017094017,
    90.17094017094017
  ],
  "topk": 1
}