{
  "epochs": 50,
  "lr": 0.0035,
  "best_val_acc": 87.97250859106529,
  "train_losses": [
    1.4780794510970245,
    1.3357183192227338,
    1.1960575967221647,
    1.1086128595713023,
    0.9740628487355,
    0.875967483262758,
    0.7177532830753842,
    0.7235671386525437,
    0.7268235554566255,
    0.6894296601011947,
    0.557967181141312,
    0.4668329209089279,
    0.4508278245055998,
    0.44381605330351237,
    0.38873125814102794,
    0.355373161467346,
    0.39785325929925247,
    0.31754467173202616,
    0.30019753386039993,
    0.289392865187413,
    0.2736878324602101,
    0.2515713622843897,
    0.2315384254262254,
    0.1871778177651199,
    0.18558782188070788,
    0.18310137979082158,
    0.16000902687979712,
    0.15590656337303085,
    0.14289068380320394,
    0.12405458002074345,
    0.13024434165374651,
    0.11811603434585236,
    0.10285321003883272,
    0.09418848962397189,
    0.10217412697100961,
    0.0983540567292555,
    0.08547825376326973,
    0.0892715736015423,
    0.07370321495408141,
    0.07577882543508266,
    0.09230911087345432,
    0.06405579339008073,
    0.06904877596408934,
    0.07529642399576669,
    0.07247113162097898,
    0.06814077056038219,
    0.06286659086676868,
    0.06315750945862886,
    0.05772038961987238,
    0.06615706481593284
  ],
  "val_losses": [
    1.3440916121006012,
    1.2440805196762086,
    1.3352299451828002,
    1.1147201731801033,
    0.9345727920532226,
    0.81470687687397,
    0.7631920665502548,
    0.9060543015599251,
    0.7667561918497086,
    0.6370935827493668,
    0.5772297967225313,
    0.5228992622345686,
    0.4554641630500555,
    0.510063636302948,
    0.7022188693284989,
    0.43505606055259705,
    0.46707435213029386,
    0.38822892140597104,
    0.5267097972333431,
    0.39398187659680844,
    0.3688040539622307,
    0.39620320647954943,
    0.3872599847614765,
    0.39747110605239866,
    0.45911604138091205,
    0.3304967310279608,
    0.38048059195280076,
    0.3611037231981754,
    0.331437361240387,
    0.3305034749209881,
    0.31306117167696357,
    0.2972992580384016,
    0.31031891256570815,
    0.31255986653268336,
    0.3097742386162281,
    0.3244180202484131,
    0.2880378134548664,
    0.2928782247006893,
    0.2874369103461504,
    0.2980078149586916,
    0.28600945323705673,
    0.29204351641237736,
    0.3008228693157434,
    0.2969466596841812,
    0.29423799365758896,
    0.2941002734005451,
    0.2973828364163637,
    0.2958952318876982,
    0.29588029719889164,
    0.29572470001876355
  ],
  "train_accuracies": [
    35.51724137931034,
    41.98275862068966,
    50.51724137931034,
    55.775862068965516,
    60.51724137931034,
    65.60344827586206,
    73.27586206896552,
    73.62068965517241,
    70.94827586206897,
    74.39655172413794,
    79.22413793103448,
    82.75862068965517,
    83.44827586206897,
    83.10344827586206,
    86.89655172413794,
    87.93103448275862,
    85.94827586206897,
    89.65517241379311,
    88.96551724137932,
    90.17241379310344,
    90.08620689655173,
    91.20689655172414,
    92.67241379310344,
    93.70689655172414,
    93.36206896551724,
    93.87931034482759,
    94.22413793103448,
    94.74137931034483,
    95.6896551724138,
    96.20689655172414,
    96.03448275862068,
    96.63793103448276,
    97.15517241379311,
    97.75862068965517,
    96.20689655172414,
    96.55172413793103,
    98.1896551724138,
    97.5,
    98.44827586206897,
    98.10344827586206,
    97.67241379310344,
    98.44827586206897,
    98.79310344827586,
    97.84482758620689,
    98.01724137931035,
    98.1896551724138,
    98.70689655172414,
    98.53448275862068,
    98.96551724137932,
    98.44827586206897
  ],
  "val_accuracies": [
    39.86254295532646,
    49.14089347079038,
    43.29896907216495,
    52.233676975945016,
    62.54295532646048,
    67.35395189003437,
    70.44673539518901,
    61.855670103092784,
    71.8213058419244,
    77.31958762886597,
    76.28865979381443,
    81.44329896907216,
    80.75601374570446,
    79.38144329896907,
    73.53951890034364,
    83.50515463917526,
    80.06872852233677,
    85.2233676975945,
    80.06872852233677,
    83.16151202749141,
    86.25429553264605,
    83.16151202749141,
    83.16151202749141,
    81.44329896907216,
    80.41237113402062,
    85.56701030927834,
    85.91065292096219,
    84.87972508591065,
    86.25429553264605,
    84.19243986254295,
    84.87972508591065,
    85.56701030927834,
    86.25429553264605,
    85.2233676975945,
    86.25429553264605,
    86.5979381443299,
    86.94158075601375,
    86.5979381443299,
    87.2852233676976,
    86.94158075601375,
    87.97250859106529,
    87.2852233676976,
    87.2852233676976,
    86.5979381443299,
    86.94158075601375,
    86.94158075601375,
    86.5979381443299,
    86.94158075601375,
    86.5979381443299,
    86.94158075601375
  ],
  "topk": 3,
  "train_topk_accuracies": [
    78.36206896551724,
    81.98275862068965,
    88.70689655172414,
    90.94827586206897,
    93.27586206896552,
    95.08620689655173,
    96.8103448275862,
    96.63793103448276,
    96.72413793103448,
    96.72413793103448,
    97.06896551724138,
    97.75862068965517,
    98.70689655172414,
    98.62068965517241,
    98.96551724137932,
    99.3103448275862,
    98.79310344827586,
    98.96551724137932,
    99.74137931034483,
    99.22413793103448,
    99.65517241379311,
    99.91379310344827,
    99.82758620689656,
    100.0,
    99.48275862068965,
    99.82758620689656,
    99.91379310344827,
    99.74137931034483,
    99.82758620689656,
    100.0,
    99.82758620689656,
    100.0,
    99.91379310344827,
    100.0,
    99.91379310344827,
    100.0,
    100.0,
    100.0,
    100.0,
    99.82758620689656,
    99.91379310344827,
    100.0,
    100.0,
    100.0,
    100.0,
    100.0,
    100.0,
    100.0,
    100.0,
    100.0
  ],
  "val_topk_accuracies": [
    82.81786941580756,
    88.31615120274914,
    83.50515463917526,
    90.03436426116839,
    94.84536082474227,
    95.18900343642612,
    96.21993127147766,
    96.21993127147766,
    96.90721649484536,
    96.90721649484536,
    97.59450171821305,
    97.59450171821305,
    98.96907216494846,
    98.28178694158076,
    96.90721649484536,
    97.9381443298969,
    96.90721649484536,
    98.96907216494846,
    97.59450171821305,
    98.96907216494846,
    98.62542955326461,
    98.96907216494846,
    98.62542955326461,
    99.3127147766323,
    99.3127147766323,
    98.96907216494846,
    98.28178694158076,
    99.3127147766323,
    99.65635738831615,
    99.65635738831615,
    99.3127147766323,
    99.65635738831615,
    99.65635738831615,
    98.96907216494846,
    99.3127147766323,
    99.3127147766323,
    99.65635738831615,
    99.65635738831615,
    98.96907216494846,
    99.3127147766323,
    99.65635738831615,
    99.65635738831615,
    99.65635738831615,
    99.3127147766323,
    99.65635738831615,
    99.3127147766323,
    99.3127147766323,
    99.3127147766323,
    99.3127147766323,
    99.3127147766323
  ]
}